symbol,date,open,high,low,close,volume,change,changePercent,vwap
MSFT,2020-09-21,197.19,202.71,196.38,202.54,39839700,5.35,2.71,199.705
MSFT,2020-09-22,205.06,208.1,202.08,207.42,33517100,2.36,1.15,205.665
MSFT,2020-09-23,207.9,208.1,200.03,200.59,30803800,-7.31,-3.52,204.155
MSFT,2020-09-24,199.85,205.57,199.2,203.19,31202500,3.34,1.67,201.9525
MSFT,2020-09-25,203.55,209.04,202.54,207.82,29437312,4.27,2.1,205.7375
MSFT,2020-09-28,210.88,212.57,208.06,209.44,32004936,-1.44,-0.68285,210.2375
MSFT,2020-09-29,209.35,210.07,206.81,207.26,24464472,-2.09,-0.99833,208.3725
MSFT,2020-09-30,207.73,211.98,206.54,210.33,33829100,2.6,1.25,209.145
MSFT,2020-10-01,213.49,213.99,211.32,212.46,27158418,-1.03,-0.48246,212.815
MSFT,2020-10-02,208.0,210.99,205.54,206.19,33154800,-1.81,-0.87019,207.68
MSFT,2020-10-05,207.22,210.41,206.98,210.38,21331600,3.16,1.52,208.7475
MSFT,2020-10-06,208.82,210.18,204.82,205.91,28554300,-2.91,-1.39,207.4325
MSFT,2020-10-07,207.06,210.11,206.72,209.83,25681100,2.77,1.34,208.43
MSFT,2020-10-08,210.51,211.19,208.32,210.58,19925837,0.07,0.03325258,210.15
MSFT,2020-10-09,211.23,215.86,211.23,215.81,26458047,4.58,2.17,213.5325
MSFT,2020-10-12,218.79,223.86,216.81,221.4,40461400,2.61,1.19,220.215
MSFT,2020-10-13,222.72,225.21,220.43,222.86,28950843,0.14,0.0628592,222.805
MSFT,2020-10-14,223.0,224.22,219.13,220.86,23451713,-2.14,-0.95964,221.8025
MSFT,2020-10-15,217.1,220.36,216.01,219.66,22733100,2.56,1.18,218.2825
MSFT,2020-10-16,220.15,222.29,219.32,219.66,26057900,-0.49,-0.22258,220.355
MSFT,2020-10-19,220.42,222.3,213.72,214.22,27625841,-6.19,-2.81,217.665
MSFT,2020-10-20,215.8,217.37,213.09,214.65,22753511,-1.15,-0.5329,215.2275
MSFT,2020-10-21,213.12,216.92,213.12,214.8,22724906,1.68,0.78829,214.49
MSFT,2020-10-22,213.93,216.06,211.7,214.89,22351500,0.96,0.44874,214.145
MSFT,2020-10-23,215.03,216.28,213.16,216.23,18879608,1.2,0.55806,215.175
MSFT,2020-10-26,213.85,216.34,208.1,210.08,37111600,-3.77,-1.76,212.0925
MSFT,2020-10-27,211.59,214.67,210.33,213.25,36700325,1.66,0.78454,212.46
MSFT,2020-10-28,207.67,208.84,202.1,202.68,51195600,-4.99,-2.4,205.3225
MSFT,2020-10-29,204.07,207.36,203.37,204.72,31432600,0.65,0.31852,204.88
MSFT,2020-10-30,203.5,204.29,199.62,202.47,36980111,-1.03,-0.50614,202.47
MSFT,2020-11-02,204.29,205.28,200.12,202.33,30842200,-1.96,-0.95942,203.005
MSFT,2020-11-03,203.89,208.12,203.12,206.43,27512030,2.54,1.25,205.39
MSFT,2020-11-04,214.02,218.32,212.42,216.39,42311800,2.37,1.11,215.2875
MSFT,2020-11-05,222.04,224.12,221.15,223.29,36080137,1.25,0.56296,222.65
MSFT,2020-11-06,222.26,224.36,218.03,223.72,25231900,1.46,0.65689,222.0925
MSFT,2020-11-09,224.44,228.12,217.88,218.39,44395000,-6.05,-2.7,222.2075
MSFT,2020-11-10,214.5,216.5,209.72,211.01,44045120,-3.49,-1.63,212.9325
MSFT,2020-11-11,212.39,218.04,212.2,216.55,29440800,4.16,1.96,214.795
MSFT,2020-11-12,217.21,219.11,214.46,215.44,21616115,-1.77,-0.81488,216.555
MSFT,2020-11-13,216.36,217.42,214.16,216.51,18630307,0.15,0.0693289,216.1125
MSFT,2020-11-16,214.87,217.74,214.52,217.23,24953344,2.36,1.1,216.09
MSFT,2020-11-17,216.1,217.68,214.08,214.46,24154112,-1.64,-0.75891,215.58
MSFT,2020-11-18,213.65,215.17,210.93,211.08,28372800,-2.57,-1.2,212.7075
MSFT,2020-11-19,211.38,213.03,209.93,212.42,24792746,1.04,0.492,211.69
MSFT,2020-11-20,212.2,213.29,210.0,210.39,22843119,-1.81,-0.85297,211.47
MSFT,2020-11-23,210.95,212.29,208.16,210.11,25683507,-0.84,-0.3982,210.3775
MSFT,2020-11-24,209.59,214.25,208.86,213.86,33979731,4.27,2.04,211.64
MSFT,2020-11-25,215.11,215.29,212.46,213.87,21012900,-1.24,-0.57645,214.1825
MSFT,2020-11-27,214.85,216.27,214.04,215.23,14512213,0.38,0.17687,215.0975
MSFT,2020-11-30,214.1,214.76,210.84,214.07,33064800,-0.03,-0.01401214,213.4425
MSFT,2020-12-01,214.51,217.32,213.35,216.21,30931318,1.7,0.7925,215.3475
MSFT,2020-12-02,214.88,215.47,212.8,215.37,23724509,0.49,0.22803,214.63
MSFT,2020-12-03,214.61,216.38,213.65,214.24,25120922,-0.37,-0.17241,214.72
MSFT,2020-12-04,214.22,215.38,213.18,214.36,24666039,0.14,0.06535338,214.285
MSFT,2020-12-07,214.37,215.54,212.99,214.29,24620000,-0.08,-0.03731865,214.2975
MSFT,2020-12-08,213.97,216.95,212.89,216.01,23284100,2.04,0.9534,214.955
MSFT,2020-12-09,215.16,215.23,211.21,211.8,32440603,-3.36,-1.56,213.35
MSFT,2020-12-10,211.77,213.08,210.36,210.52,26733300,-1.25,-0.59026,211.4325
MSFT,2020-12-11,210.05,213.32,209.11,213.26,30979440,3.21,1.53,211.435
MSFT,2020-12-14,213.1,216.21,212.88,214.2,28798400,1.1,0.51619,214.0975
MSFT,2020-12-15,215.17,215.42,212.24,214.13,27018106,-1.03,-0.48334,214.24
MSFT,2020-12-16,214.75,220.11,214.72,219.28,35023300,4.53,2.11,217.215
MSFT,2020-12-17,219.87,220.89,217.92,219.42,32515800,-0.45,-0.20467,219.525
MSFT,2020-12-18,218.59,219.69,216.02,218.59,63354922,0.0,0.0,218.2225
MSFT,2020-12-21,217.55,224.0,217.28,222.59,37181900,5.04,2.32,220.355
MSFT,2020-12-22,222.69,225.63,221.85,223.94,22643397,1.25,0.56132,223.5275
MSFT,2020-12-23,223.11,223.56,220.8,221.02,18699638,-2.09,-0.93676,222.1225
MSFT,2020-12-24,221.42,223.61,221.2,222.75,10550600,1.33,0.60067,222.245
MSFT,2020-12-28,224.45,226.03,223.02,224.96,17933500,0.51,0.22722,224.615
MSFT,2020-12-29,226.31,227.18,223.58,224.15,17403213,-2.16,-0.95444,225.305
MSFT,2020-12-30,225.23,225.63,221.47,221.68,20272337,-3.55,-1.58,223.5025
MSFT,2020-12-31,221.7,223.0,219.68,222.42,20942132,0.72,0.32476,221.7
MSFT,2021-01-04,222.53,223.0,214.81,217.69,37130139,-4.84,-2.17,219.5075
MSFT,2021-01-05,217.26,218.52,215.7,217.9,23823000,0.64,0.29458,217.345
MSFT,2021-01-06,212.17,216.49,211.94,212.25,35930700,0.08,0.03770561,213.2125
MSFT,2021-01-07,214.04,219.34,213.71,218.29,27694500,4.25,1.99,216.345
MSFT,2021-01-08,218.68,220.58,217.03,219.62,22956206,0.94,0.42985,218.9775
MSFT,2021-01-11,218.47,218.91,216.73,217.49,23047029,-0.98,-0.44857,217.9
MSFT,2021-01-12,216.5,217.1,213.32,214.93,23249336,-1.57,-0.72517,215.4625
MSFT,2021-01-13,214.02,216.76,213.93,216.34,20087100,2.32,1.08,215.2625
MSFT,2021-01-14,215.91,217.46,212.74,213.02,29480800,-2.89,-1.34,214.7825
MSFT,2021-01-15,213.52,214.51,212.03,212.65,31746512,-0.87,-0.40746,213.1775
MSFT,2021-01-19,213.75,216.98,212.63,216.44,30480900,2.69,1.26,214.95
MSFT,2021-01-20,217.7,225.79,217.29,224.34,37777300,6.64,3.05,221.28
MSFT,2021-01-21,224.7,226.3,222.42,224.97,30749553,0.27,0.12016,224.5975
MSFT,2021-01-22,227.08,230.07,225.8,225.95,30172700,-1.13,-0.49762,227.225
MSFT,2021-01-25,229.12,229.78,224.22,229.53,33152100,0.41,0.17895,228.1625
MSFT,2021-01-26,231.86,234.18,230.08,232.33,49169601,0.47,0.20271,232.1125
MSFT,2021-01-27,238.0,240.44,230.14,232.9,69870638,-5.1,-2.14,235.37
MSFT,2021-01-28,235.61,242.64,235.09,238.93,49111200,3.32,1.41,238.0675
MSFT,2021-01-29,235.99,238.02,231.35,231.96,42503138,-4.03,-1.71,234.33
MSFT,2021-02-01,235.06,242.5,232.43,239.65,33314200,4.59,1.95,237.41
MSFT,2021-02-02,241.3,242.31,238.69,239.51,25916337,-1.79,-0.74182,240.4525
MSFT,2021-02-03,239.57,245.09,239.26,243.0,27158104,3.43,1.43,241.73
MSFT,2021-02-04,242.66,243.24,240.37,242.01,25296100,-0.65,-0.26786,242.07
MSFT,2021-02-05,242.23,243.28,240.42,242.2,18054800,-0.03,-0.01238492,242.0325
MSFT,2021-02-08,243.15,243.68,240.81,242.47,22211929,-0.68,-0.27966,242.5275
MSFT,2021-02-09,241.87,244.76,241.38,243.77,23565000,1.9,0.78555,242.945
MSFT,2021-02-10,245.0,245.92,240.89,242.82,22186706,-2.18,-0.8898,243.6575
MSFT,2021-02-11,244.78,245.15,242.15,244.49,15751100,-0.29,-0.11847,244.1425
MSFT,2021-02-12,243.93,245.3,242.73,244.99,16561100,1.06,0.43455,244.2375
MSFT,2021-02-16,245.03,246.13,242.92,243.7,26728500,-1.33,-0.54279,244.445
MSFT,2021-02-17,241.32,244.31,240.94,244.2,21673109,2.88,1.19,242.6925
MSFT,2021-02-18,241.8,243.93,240.86,243.79,16925600,1.99,0.82299,242.595
MSFT,2021-02-19,243.75,243.86,240.18,240.97,25262600,-2.78,-1.14,242.19
MSFT,2021-02-22,237.42,237.93,232.4,234.51,36446936,-2.91,-1.23,235.565
MSFT,2021-02-23,230.33,234.83,228.73,233.27,30228704,2.95,1.28,231.79
MSFT,2021-02-24,230.01,235.2,229.0,234.55,26339746,4.54,1.97,232.19
MSFT,2021-02-25,232.08,234.59,227.88,228.99,39542235,-3.09,-1.33,230.885
MSFT,2021-02-26,231.53,235.37,229.54,232.38,37819227,0.855,0.36712,232.205
MSFT,2021-03-01,235.9,237.47,233.15,236.94,25332837,1.04,0.44086,235.865
MSFT,2021-03-02,237.01,237.3,233.45,233.87,22812500,-3.14,-1.32,235.4075
MSFT,2021-03-03,232.16,233.58,227.26,227.56,34029526,-4.59,-1.98,230.14
MSFT,2021-03-04,226.74,232.49,224.26,226.73,44727800,-0.005,-0.00441034,227.555
MSFT,2021-03-05,229.52,233.27,226.46,231.6,41872800,2.08,0.90624,230.2125
MSFT,2021-03-08,231.37,233.37,227.13,227.39,35267440,-3.98,-1.72,229.815
MSFT,2021-03-09,232.88,235.38,231.67,233.78,33080531,0.9,0.38647,233.4275
MSFT,2021-03-10,237.0,237.0,232.04,232.42,29746812,-4.58,-1.93,234.615
MSFT,2021-03-11,234.96,239.17,234.31,237.13,29907600,2.17,0.92356,236.3925
MSFT,2021-03-12,234.01,235.82,233.23,235.75,22653700,1.74,0.74356,234.7025
MSFT,2021-03-15,234.96,235.19,231.81,234.81,26042669,-0.15,-0.06384065,234.1925
MSFT,2021-03-16,236.28,240.06,235.94,237.71,28092200,1.43,0.60521,237.4975
MSFT,2021-03-17,236.15,238.55,233.23,237.04,29562100,0.89,0.37688,236.2425
MSFT,2021-03-18,232.56,234.19,230.33,230.72,34852251,-1.84,-0.79119,231.95
MSFT,2021-03-19,231.02,232.47,229.35,230.35,46430730,-0.67,-0.29002,230.7975
MSFT,2021-03-22,230.27,236.9,230.14,235.99,30127005,5.72,2.48,233.325
MSFT,2021-03-23,237.49,241.05,237.07,237.58,31638400,0.095,0.03789633,238.2975
MSFT,2021-03-24,237.85,238.0,235.32,235.46,25620127,-2.38,-1.0,236.6575
MSFT,2021-03-25,235.3,236.94,231.57,232.34,34061900,-2.96,-1.26,234.0375
MSFT,2021-03-26,231.55,236.71,231.55,236.48,25479900,4.93,2.13,234.0725
MSFT,2021-03-29,236.59,236.8,231.88,235.24,25227500,-1.35,-0.57061,235.1275
MSFT,2021-03-30,233.53,233.85,231.1,231.85,24792012,-1.68,-0.71939,232.5825
MSFT,2021-03-31,232.91,239.1,232.39,235.77,43623500,2.86,1.23,235.0425
MSFT,2021-04-01,238.47,242.84,238.05,242.35,30338000,3.88,1.63,240.4275
MSFT,2021-04-05,242.76,249.96,242.7,249.07,36910609,6.31,2.6,246.1225
MSFT,2021-04-06,247.61,249.4,246.88,247.86,22931923,0.25,0.10097,247.9375
MSFT,2021-04-07,247.81,250.93,247.19,249.9,22719835,2.09,0.84339,248.9575
MSFT,2021-04-08,252.77,254.14,252.0,253.25,23625200,0.48,0.1899,253.04
MSFT,2021-04-09,252.87,255.99,252.44,255.85,24326833,2.98,1.18,254.2875
MSFT,2021-04-12,254.71,257.67,254.62,255.91,27148700,1.2,0.47112,255.7275
MSFT,2021-04-13,257.26,259.19,256.83,258.49,23837500,1.23,0.47812,257.9425
MSFT,2021-04-14,257.48,258.83,255.16,255.59,23070938,-1.89,-0.73404,256.765
MSFT,2021-04-15,257.93,259.93,257.73,259.5,25627500,1.57,0.60869,258.7725
MSFT,2021-04-16,259.47,261.0,257.6,260.74,24878600,1.27,0.48946,259.7025
MSFT,2021-04-19,260.19,261.48,257.82,258.74,23209300,-1.45,-0.55729,259.5575
MSFT,2021-04-20,257.82,260.2,256.84,258.26,19722900,0.44,0.17066,258.28
MSFT,2021-04-21,258.94,260.68,257.25,260.58,24030400,1.64,0.63335,259.3625
MSFT,2021-04-22,260.21,261.78,255.64,257.17,25606200,-3.04,-1.17,258.7
MSFT,2021-04-23,257.88,261.51,257.27,261.15,21499286,3.27,1.27,259.4525
MSFT,2021-04-26,261.66,262.44,260.17,261.55,19763346,-0.11,-0.04203929,261.455
MSFT,2021-04-27,261.58,263.19,260.12,261.97,31014213,0.385,0.14909,261.715
MSFT,2021-04-28,256.08,256.54,252.95,254.56,46903119,-1.52,-0.59356,255.0325
MSFT,2021-04-29,255.46,256.1,249.0,252.51,40589023,-2.95,-1.15,253.2675
MSFT,2021-04-30,249.74,253.08,249.6,252.18,30945100,2.44,0.97702,251.15
MSFT,2021-05-03,253.4,254.35,251.12,251.86,19626600,-1.54,-0.60773,252.6825
MSFT,2021-05-04,250.97,251.21,245.76,247.79,32756100,-3.18,-1.27,248.9325
MSFT,2021-05-05,249.06,249.5,245.82,246.47,21901325,-2.59,-1.04,247.7125
MSFT,2021-05-06,246.45,249.86,244.69,249.73,26491100,3.28,1.33,247.6825
MSFT,2021-05-07,252.15,254.3,251.17,252.46,27032912,0.31,0.12294,252.52
MSFT,2021-05-10,250.87,251.73,247.12,247.18,29299900,-3.69,-1.47,249.225
MSFT,2021-05-11,244.55,246.6,242.57,246.23,33641600,1.68,0.68698,244.9875
MSFT,2021-05-12,242.17,244.38,238.07,239.0,36684400,-3.16,-1.31,240.905
MSFT,2021-05-13,241.8,245.6,241.42,243.03,29624300,1.23,0.50868,242.9625
MSFT,2021-05-14,245.58,249.18,245.49,248.15,23901100,2.58,1.05,247.1
MSFT,2021-05-17,246.55,246.59,243.52,245.18,24970200,-1.37,-0.55567,245.46
MSFT,2021-05-18,246.27,246.41,242.9,243.08,20168000,-3.19,-1.3,244.665
MSFT,2021-05-19,239.31,243.23,238.6,243.12,25739807,3.81,1.59,241.065
MSFT,2021-05-20,243.96,247.95,243.86,246.48,21800716,2.52,1.03,245.5625
MSFT,2021-05-21,247.57,248.33,244.74,245.17,21863100,-2.4,-0.96942,246.4525
MSFT,2021-05-24,247.79,251.16,247.51,250.78,21411547,3.0,1.21,249.31
MSFT,2021-05-25,251.77,252.75,250.82,251.72,17704303,-0.049,-0.0198594,251.765
MSFT,2021-05-26,251.43,252.94,250.75,251.49,17771600,0.06,0.0238635,251.6525
MSFT,2021-05-27,251.17,251.48,249.25,249.31,24426244,-1.86,-0.74053,250.3025
MSFT,2021-05-28,251.0,252.08,249.56,249.68,18274942,-1.31,-0.5259,250.58
MSFT,2021-06-01,251.23,251.29,246.96,247.4,23213310,-3.83,-1.52,249.22
MSFT,2021-06-02,248.13,249.27,245.84,247.3,19406705,-0.825,-0.3345,247.635
MSFT,2021-06-03,245.22,246.34,243.0,245.71,25307711,0.49,0.19982,245.0675
MSFT,2021-06-04,247.76,251.65,247.51,250.79,25281100,3.03,1.22,249.4275
MSFT,2021-06-07,249.98,254.09,249.81,253.81,23079200,3.83,1.53,251.9225
MSFT,2021-06-08,255.16,256.01,252.51,252.57,22455000,-2.59,-1.02,254.0625
MSFT,2021-06-09,253.81,255.53,253.21,253.59,17937634,-0.22,-0.08667901,254.035
MSFT,2021-06-10,254.29,257.46,253.67,257.24,24563619,2.95,1.16,255.665
MSFT,2021-06-11,257.99,258.49,256.61,257.89,18999731,-0.095,-0.03876119,257.745
MSFT,2021-06-14,257.9,259.95,256.8,259.89,19150507,1.99,0.77162,258.635
MSFT,2021-06-15,259.77,259.99,257.68,258.36,18038931,-1.41,-0.54279,258.95
MSFT,2021-06-16,259.4,260.58,254.42,257.38,27220000,-2.02,-0.77872,257.945
MSFT,2021-06-17,256.07,261.75,256.01,260.9,27565537,4.83,1.89,258.6825
MSFT,2021-06-18,259.63,262.3,258.75,259.43,37202217,-0.2,-0.0770327,260.0275
MSFT,2021-06-21,259.82,263.52,257.92,262.63,26696119,2.81,1.08,260.9725
MSFT,2021-06-22,262.72,265.79,262.4,265.51,24694100,2.79,1.06,264.105
MSFT,2021-06-23,265.99,266.83,264.43,265.27,19518700,-0.715,-0.27069,265.63
MSFT,2021-06-24,266.16,267.85,265.47,266.69,21446900,0.53,0.19913,266.5425
MSFT,2021-06-25,266.23,267.25,264.76,265.02,25611113,-1.21,-0.45449,265.815
MSFT,2021-06-28,266.19,268.9,265.91,268.72,19590024,2.54,0.95045,267.43
MSFT,2021-06-29,268.87,271.65,267.98,271.4,19937811,2.53,0.94098,269.975
MSFT,2021-06-30,270.69,271.36,269.6,270.9,21656500,0.21,0.07757952,270.6375
MSFT,2021-07-01,269.61,271.84,269.6,271.6,16725323,1.99,0.7381,270.6625
MSFT,2021-07-02,272.82,278.0,272.5,277.65,26474408,4.83,1.77,275.2425
MSFT,2021-07-06,278.03,279.37,274.3,277.66,31565600,-0.37,-0.13308,277.34
MSFT,2021-07-07,279.4,280.69,277.15,279.93,23260031,0.53,0.18969,279.2925
MSFT,2021-07-08,276.9,278.73,274.87,277.42,24618600,0.52,0.18779,276.98
MSFT,2021-07-09,275.72,278.05,275.32,277.94,23916700,2.22,0.80516,276.7575
MSFT,2021-07-12,279.16,279.77,276.58,277.32,18931700,-1.84,-0.65912,278.2075
MSFT,2021-07-13,277.52,282.85,277.39,280.98,26120128,3.46,1.25,279.685
MSFT,2021-07-14,282.35,283.66,280.55,282.51,23113700,0.165,0.05666726,282.2675
MSFT,2021-07-15,282.0,282.51,279.83,281.03,22604227,-0.97,-0.34397,281.3425
MSFT,2021-07-16,282.07,284.1,279.46,280.75,26186848,-1.32,-0.46797,281.595
MSFT,2021-07-19,278.93,280.37,274.45,277.01,32935634,-1.92,-0.68834,277.69
MSFT,2021-07-20,278.03,280.97,276.26,279.32,26259741,1.29,0.46398,278.645
MSFT,2021-07-21,278.9,281.52,277.29,281.4,24364320,2.5,0.89638,279.7775
MSFT,2021-07-22,283.84,286.42,283.42,286.14,23384100,2.3,0.81032,284.955
MSFT,2021-07-23,287.37,289.99,286.5,289.67,22768100,2.3,0.80036,288.3825
MSFT,2021-07-26,289.0,289.69,286.64,289.05,23176100,0.05,0.01730104,288.595
MSFT,2021-07-27,289.43,289.58,282.95,286.54,33604100,-2.89,-0.99851,287.125
MSFT,2021-07-28,288.99,290.15,283.83,286.22,33566900,-2.77,-0.95851,287.2975
MSFT,2021-07-29,286.24,288.62,286.08,286.5,18168300,0.265,0.09083287,286.86
MSFT,2021-07-30,285.17,286.66,283.91,284.91,20944846,-0.26,-0.09117369,285.1625
MSFT,2021-08-02,286.36,286.77,283.74,284.82,16267400,-1.54,-0.53778,285.4225
MSFT,2021-08-03,285.42,287.23,284.0,287.12,17879048,1.7,0.59561,285.9425
MSFT,2021-08-04,286.22,287.59,284.65,286.51,16191301,0.29,0.10132,286.2425
MSFT,2021-08-05,286.88,289.63,286.1,289.52,13900200,2.64,0.92025,288.0325
MSFT,2021-08-06,288.51,289.5,287.62,289.46,16589336,0.955,0.32928,288.7725
MSFT,2021-08-09,289.75,291.55,287.81,288.33,16117629,-1.42,-0.49008,289.36
MSFT,2021-08-10,288.8,289.25,285.2,286.44,18616600,-2.36,-0.81717,287.4225
MSFT,2021-08-11,287.21,288.66,285.86,286.95,13955934,-0.26,-0.0905261,287.17
MSFT,2021-08-12,286.63,289.97,286.34,289.81,14570391,3.18,1.11,288.1875
MSFT,2021-08-13,289.48,292.9,289.3,292.85,18249046,3.37,1.16,291.1325
MSFT,2021-08-16,293.19,294.82,290.02,294.6,22516027,1.41,0.48092,293.1575
MSFT,2021-08-17,292.39,293.43,291.08,293.08,20075300,0.69,0.23599,292.495
MSFT,2021-08-18,292.04,294.82,290.27,290.73,21813000,-1.31,-0.44857,291.965
MSFT,2021-08-19,288.69,297.47,288.64,296.77,29850500,8.08,2.8,292.8925
MSFT,2021-08-20,299.72,305.84,298.06,304.36,40817646,4.64,1.55,301.995
MSFT,2021-08-23,303.25,305.4,301.85,304.65,22830200,1.4,0.46167,303.7875
MSFT,2021-08-24,305.02,305.65,302.0,302.62,18175800,-2.4,-0.78683,303.8225
MSFT,2021-08-25,304.3,304.59,300.42,302.01,20006100,-2.29,-0.75255,302.83
MSFT,2021-08-26,300.99,302.43,298.95,299.09,17666100,-1.9,-0.63125,300.365
MSFT,2021-08-27,298.99,300.87,296.83,299.72,22605726,0.733,0.24416,299.1025
MSFT,2021-08-30,301.12,304.22,301.06,303.59,16348100,2.47,0.82027,302.4975
MSFT,2021-08-31,304.42,304.5,301.5,301.88,26285338,-2.54,-0.83437,303.075
MSFT,2021-09-01,302.87,305.19,301.49,301.83,18983826,-1.04,-0.34338,302.845
MSFT,2021-09-02,302.2,303.36,300.18,301.15,16290545,-1.05,-0.34745,301.7225
MSFT,2021-09-03,300.99,302.6,300.26,301.14,14751610,0.15,0.04983554,301.2475
MSFT,2021-09-07,301.01,301.09,298.2,300.18,17184083,-0.825,-0.27574,300.12
MSFT,2021-09-08,299.78,300.61,297.47,300.21,15046819,0.43,0.14344,299.5175
MSFT,2021-09-09,300.82,302.14,297.0,297.25,19927000,-3.57,-1.19,299.3025
MSFT,2021-09-10,298.42,299.92,295.38,295.71,19633400,-2.71,-0.90812,297.3575
MSFT,2021-09-13,297.55,298.54,294.08,296.99,23652949,-0.56,-0.1882,296.79
MSFT,2021-09-14,299.56,301.39,298.1,299.79,21853433,0.23,0.07677928,299.71
MSFT,2021-09-15,303.26,305.32,301.82,304.82,28356304,1.56,0.51441,303.805
MSFT,2021-09-16,303.76,305.31,300.76,305.22,19550815,1.46,0.48064,303.7625
MSFT,2021-09-17,304.17,304.5,299.53,299.87,41372500,-4.3,-1.41,302.0175
MSFT,2021-09-20,296.33,298.72,289.52,294.3,38278700,-2.03,-0.68505,294.7175
MSFT,2021-09-21,295.69,297.54,294.07,294.8,22364103,-0.89,-0.30099,295.525
MSFT,2021-09-22,296.73,300.22,294.51,298.58,26626342,1.85,0.62346,297.51
MSFT,2021-09-23,298.85,300.9,297.53,299.56,18604601,0.715,0.23758,299.21
MSFT,2021-09-24,298.23,299.8,296.93,299.35,14999000,1.12,0.37555,298.5775
MSFT,2021-09-27,296.14,296.47,292.94,294.17,23571742,-1.97,-0.66523,294.93
MSFT,2021-09-28,289.8,290.78,282.75,283.52,43186237,-6.28,-2.17,286.7125
MSFT,2021-09-29,285.1,286.77,283.01,284.0,26353700,-1.1,-0.38583,284.72
MSFT,2021-09-30,285.71,287.83,281.62,281.92,32343635,-3.79,-1.33,284.27
MSFT,2021-10-01,282.12,289.98,281.29,289.1,30086300,6.98,2.47,285.6225
MSFT,2021-10-04,287.4,287.75,280.25,283.11,31350747,-4.29,-1.49,284.6275
MSFT,2021-10-05,284.05,290.4,284.05,288.76,24993024,4.71,1.66,286.815
MSFT,2021-10-06,285.78,293.63,285.51,293.11,28002600,7.33,2.56,289.5075
MSFT,2021-10-07,295.18,296.64,293.92,294.85,20430500,-0.325,-0.1118,295.1475
MSFT,2021-10-08,296.22,296.64,293.76,294.85,17685700,-1.37,-0.46249,295.3675
MSFT,2021-10-11,292.92,297.97,292.75,294.23,19298634,1.31,0.44722,294.4675
MSFT,2021-10-12,295.34,295.44,292.35,292.88,17974143,-2.46,-0.83294,294.0025
MSFT,2021-10-13,294.91,297.28,293.49,296.31,23424025,1.4,0.47472,295.4975
MSFT,2021-10-14,299.21,303.27,297.83,302.75,27262902,3.54,1.18,300.765
MSFT,2021-10-15,302.34,304.45,300.52,304.21,25384803,1.87,0.61851,302.88
MSFT,2021-10-18,303.57,308.21,302.69,307.29,22729300,3.72,1.23,305.44
MSFT,2021-10-19,308.35,309.3,307.22,308.23,17682139,-0.118,-0.03891682,308.275
MSFT,2021-10-20,309.21,309.7,306.11,307.41,16537100,-1.8,-0.58213,308.1075
MSFT,2021-10-21,307.17,311.02,306.36,310.76,16918100,3.59,1.17,308.8275
MSFT,2021-10-22,310.4,311.09,307.8,309.16,17449332,-1.24,-0.39948,309.6125
MSFT,2021-10-25,309.36,309.4,306.46,308.13,17554500,-1.23,-0.3976,308.3375
MSFT,2021-10-26,311.0,312.4,308.6,310.11,28107349,-0.89,-0.28617,310.5275
MSFT,2021-10-27,316.0,326.1,316.0,323.17,52588700,7.17,2.27,320.3175
MSFT,2021-10-28,324.33,324.87,321.36,324.35,26297943,0.025,0.00616656,323.7275
MSFT,2021-10-29,324.13,332.0,323.9,331.62,34766000,7.49,2.31,327.9125
MSFT,2021-11-01,331.36,331.49,326.37,329.37,27073200,-1.99,-0.60056,329.6475
MSFT,2021-11-02,330.31,333.45,330.0,333.13,26487109,2.82,0.85374,331.7225
MSFT,2021-11-03,333.9,334.9,330.65,334.0,21500100,0.1,0.02994909,333.3625
MSFT,2021-11-04,332.89,336.54,329.51,336.44,23992202,3.55,1.07,333.845
MSFT,2021-11-05,338.51,338.79,334.42,336.06,22570100,-2.45,-0.72376,336.945
MSFT,2021-11-08,337.3,337.65,334.44,336.99,20897001,-0.31,-0.09190631,336.595
MSFT,2021-11-09,337.11,338.72,334.53,335.95,21307400,-1.16,-0.3441,336.5775
MSFT,2021-11-10,334.57,334.63,329.92,330.8,25500938,-3.77,-1.13,332.48
MSFT,2021-11-11,331.25,333.77,330.51,332.43,16849844,1.18,0.35623,331.99
MSFT,2021-11-12,333.92,337.23,333.79,336.72,23831049,2.8,0.83852,335.415
MSFT,2021-11-15,337.54,337.88,334.03,336.07,16723009,-1.47,-0.4355,336.38
MSFT,2021-11-16,335.68,340.67,335.51,339.51,20886832,3.83,1.14,337.8425
MSFT,2021-11-17,338.94,342.19,338.0,339.12,19053400,0.18,0.05310674,339.5625
MSFT,2021-11-18,338.18,342.45,337.12,341.27,22463533,3.09,0.91371,339.755
MSFT,2021-11-19,342.64,345.1,342.2,343.11,21963403,0.47,0.13717,343.2625
MSFT,2021-11-22,344.62,349.67,339.55,339.83,31031113,-4.79,-1.39,343.4175
MSFT,2021-11-23,337.05,339.45,333.56,337.68,30427600,0.63,0.18692,336.935
MSFT,2021-11-24,336.28,338.16,333.91,337.91,21661307,1.63,0.48472,336.565
MSFT,2021-11-26,334.35,337.93,328.12,329.68,24217242,-4.67,-1.4,332.52
MSFT,2021-11-29,334.94,339.03,334.74,336.63,28563500,1.69,0.50457,336.335
MSFT,2021-11-30,335.32,337.78,328.99,330.59,42885609,-4.73,-1.41,333.17
MSFT,2021-12-01,335.13,339.28,329.39,330.08,33401146,-5.05,-1.51,333.47
MSFT,2021-12-02,330.3,333.49,327.8,329.49,30766000,-0.81,-0.24523,330.27
MSFT,2021-12-03,331.99,332.7,318.03,323.01,41779300,-8.98,-2.7,326.4325
MSFT,2021-12-06,323.95,327.45,319.23,326.19,30032600,2.24,0.69146,324.205
MSFT,2021-12-07,331.64,335.8,330.1,334.92,31021936,3.28,0.98902,333.115
MSFT,2021-12-08,335.31,335.5,330.8,334.97,24761000,-0.34,-0.1014,334.145
MSFT,2021-12-09,334.41,336.49,332.12,333.1,22214200,-1.31,-0.39173,334.03
MSFT,2021-12-10,334.98,343.0,334.79,342.54,38095700,7.56,2.26,338.8275
MSFT,2021-12-13,340.68,343.79,339.08,339.4,28899431,-1.28,-0.37572,340.7375
MSFT,2021-12-14,333.22,334.64,324.11,328.34,44438700,-4.88,-1.46,330.0775
MSFT,2021-12-15,328.61,335.19,324.5,334.65,35381122,6.04,1.84,330.7375
MSFT,2021-12-16,335.71,336.76,323.02,324.9,35034831,-10.81,-3.22,330.0975
MSFT,2021-12-17,320.88,324.92,317.25,323.8,47983713,2.92,0.91,321.7125
MSFT,2021-12-20,320.05,322.8,317.57,319.91,28326532,-0.14,-0.04374317,320.0825
MSFT,2021-12-21,323.29,327.73,319.8,327.29,24740600,4.0,1.24,324.5275
MSFT,2021-12-22,328.3,333.61,325.75,333.2,24831500,4.9,1.49,330.215
MSFT,2021-12-23,332.75,336.39,332.73,334.69,19617848,1.94,0.58302,334.14
MSFT,2021-12-27,335.46,342.48,335.43,342.45,19947029,6.99,2.08,338.955
MSFT,2021-12-28,343.15,343.81,340.32,341.25,15661500,-1.9,-0.55369,342.1325
MSFT,2021-12-29,341.3,344.3,339.68,341.95,15042000,0.65,0.19045,341.8075
MSFT,2021-12-30,341.91,343.13,338.82,339.32,15994500,-2.59,-0.75751,340.795
MSFT,2021-12-31,338.51,339.36,335.85,336.32,18000800,-2.19,-0.64695,337.51
MSFT,2022-01-03,335.35,338.0,329.78,334.75,28918013,-0.6,-0.17892,334.47
MSFT,2022-01-04,334.83,335.2,326.12,329.01,32674306,-5.82,-1.74,331.29
MSFT,2022-01-05,325.86,326.07,315.98,316.38,40054327,-9.48,-2.91,321.0725
MSFT,2022-01-06,313.15,318.7,311.49,313.88,39646148,0.73,0.23312,314.305
MSFT,2022-01-07,314.15,316.5,310.09,314.04,32720018,-0.11,-0.03501512,313.695
MSFT,2022-01-10,309.49,314.72,304.69,314.27,44289500,4.78,1.54,310.7925
MSFT,2022-01-11,313.38,316.61,309.89,314.98,29386800,1.6,0.51056,313.715
MSFT,2022-01-12,319.67,323.41,317.08,318.27,34372217,-1.4,-0.43795,319.6075
MSFT,2022-01-13,320.47,320.88,304.0,304.8,45366000,-15.67,-4.89,312.5375
MSFT,2022-01-14,304.25,310.82,303.75,310.2,39846414,5.95,1.96,307.255
MSFT,2022-01-18,304.07,309.8,301.74,302.65,42434112,-1.42,-0.467,304.565
MSFT,2022-01-19,306.29,313.91,302.7,303.33,45933900,-2.96,-0.9664,306.5575
MSFT,2022-01-20,309.07,311.65,301.14,301.6,35380700,-7.47,-2.42,305.865
MSFT,2022-01-21,302.69,304.11,295.61,296.03,57984403,-6.66,-2.2,299.61
MSFT,2022-01-24,292.2,297.11,276.05,296.37,86035393,4.17,1.43,290.4325
MSFT,2022-01-25,291.52,294.99,285.17,288.49,72848638,-3.03,-1.04,290.0425
MSFT,2022-01-26,307.99,308.5,293.03,296.71,90428900,-11.28,-3.66,301.5575
MSFT,2022-01-27,302.66,307.3,297.93,299.84,53481317,-2.82,-0.93174,301.9325
MSFT,2022-01-28,300.23,308.48,294.45,308.26,49743700,8.03,2.67,302.855
MSFT,2022-01-31,308.95,312.38,306.37,310.98,46444536,2.03,0.65706,309.67
MSFT,2022-02-01,310.41,310.63,305.13,308.76,40950400,-1.65,-0.53156,308.7325
MSFT,2022-02-02,309.63,315.12,308.88,313.46,36636000,3.83,1.24,311.7725
MSFT,2022-02-03,309.49,311.23,299.96,301.25,43730000,-8.24,-2.66,305.4825
MSFT,2022-02-04,300.21,308.8,299.97,305.94,35096500,5.73,1.91,303.73
MSFT,2022-02-07,306.17,307.84,299.9,300.95,28533300,-5.22,-1.7,303.715
MSFT,2022-02-08,301.25,305.56,299.95,304.56,32421200,3.31,1.1,302.83
MSFT,2022-02-09,309.87,311.93,307.39,311.21,31284700,1.34,0.43244,310.1
MSFT,2022-02-10,304.04,309.12,300.7,302.38,45386200,-1.66,-0.54598,304.06
MSFT,2022-02-11,303.19,304.29,294.22,295.04,39175620,-8.15,-2.69,299.185
MSFT,2022-02-14,293.77,296.76,291.35,295.0,36359500,1.23,0.41869,294.22
MSFT,2022-02-15,300.01,300.8,297.02,300.47,27379488,0.462,0.15333,299.575
MSFT,2022-02-16,298.37,300.87,293.68,299.5,29982121,1.13,0.37872,298.105
MSFT,2022-02-17,296.36,296.8,290.0,290.73,32461600,-5.63,-1.9,293.4725
MSFT,2022-02-18,293.05,293.86,286.31,287.93,34264008,-5.12,-1.75,290.2875
MSFT,2022-02-22,285.0,291.54,284.5,287.72,41736117,2.72,0.95439,287.19
MSFT,2022-02-23,290.18,291.7,280.1,280.27,37811200,-9.91,-3.42,285.5625
MSFT,2022-02-24,272.51,295.16,271.52,294.59,56989700,22.08,8.1,283.445
MSFT,2022-02-25,295.14,297.63,291.65,297.31,32546721,2.17,0.73524,295.4325
MSFT,2022-02-28,294.31,299.14,293.0,298.79,34627500,4.48,1.52,296.31
MSFT,2022-03-01,296.4,299.97,292.15,294.95,31217800,-1.45,-0.4892,295.8675
MSFT,2022-03-02,295.36,301.47,293.7,300.19,31873007,4.83,1.64,297.68
MSFT,2022-03-03,302.89,303.13,294.05,295.92,27314500,-6.97,-2.3,298.9975
MSFT,2022-03-04,294.29,295.66,287.17,289.86,32369655,-4.43,-1.51,291.745
MSFT,2022-03-07,288.53,289.69,278.53,278.91,43157200,-9.62,-3.33,283.915
MSFT,2022-03-08,277.8,283.96,270.0,275.85,48159500,-1.95,-0.70194,276.9025
MSFT,2022-03-09,283.44,289.6,280.78,288.5,35204500,5.06,1.79,285.58
MSFT,2022-03-10,283.02,286.6,280.58,285.59,30628012,2.57,0.90806,283.9475
MSFT,2022-03-11,287.96,289.51,279.43,280.07,27209330,-7.89,-2.74,284.2425
MSFT,2022-03-14,280.34,285.4,275.82,276.44,30660747,-3.9,-1.39,279.5
MSFT,2022-03-15,280.35,287.82,278.73,287.15,34245100,6.8,2.43,283.5125
MSFT,2022-03-16,289.11,294.57,283.2,294.39,37826329,5.28,1.83,290.3175
MSFT,2022-03-17,293.29,295.61,289.37,295.22,30816633,1.93,0.65805,293.3725
MSFT,2022-03-18,295.37,301.0,292.73,300.43,43390625,5.06,1.71,297.3825
MSFT,2022-03-21,298.89,300.14,294.9,299.16,28351245,0.27,0.09033424,298.2725
MSFT,2022-03-22,299.8,305.0,298.77,304.06,27599700,4.26,1.42,301.9075
MSFT,2022-03-23,300.51,303.23,297.72,299.49,25715400,-1.02,-0.33942,300.2375
MSFT,2022-03-24,299.14,304.2,298.32,304.1,24484500,4.96,1.66,301.44
MSFT,2022-03-25,305.23,305.5,299.29,303.68,22566500,-1.55,-0.50781,303.425
MSFT,2022-03-28,304.33,310.8,304.33,310.7,29578200,6.37,2.09,307.54
MSFT,2022-03-29,313.91,315.82,309.05,315.41,30393403,1.5,0.47784,313.5475
MSFT,2022-03-30,313.76,315.95,311.58,313.86,28163600,0.1,0.03187149,313.7875
MSFT,2022-03-31,313.9,315.14,307.89,308.31,33422100,-5.59,-1.78,311.31
MSFT,2022-04-01,309.37,310.13,305.54,309.42,27110529,0.05,0.01616188,308.615
MSFT,2022-04-04,310.09,315.11,309.71,314.97,24335868,4.88,1.57,312.47
MSFT,2022-04-05,313.27,314.87,309.87,310.88,23156719,-2.39,-0.76292,312.2225
MSFT,2022-04-06,305.19,307.0,296.71,299.5,40110400,-5.69,-1.86,302.1
MSFT,2022-04-07,296.66,303.65,296.35,301.37,31411200,4.71,1.59,299.5075
MSFT,2022-04-08,300.44,301.12,296.28,296.97,24361917,-3.47,-1.15,298.7025
MSFT,2022-04-11,291.79,292.61,285.0,285.26,34569300,-6.53,-2.24,288.665
MSFT,2022-04-12,289.24,290.74,280.49,282.06,30966721,-7.18,-2.48,285.6325
MSFT,2022-04-13,282.73,288.58,281.3,287.62,21907200,4.89,1.73,285.0575
MSFT,2022-04-14,288.09,288.31,279.32,279.83,28221607,-8.26,-2.87,283.8875
MSFT,2022-04-18,278.91,282.46,278.34,280.52,20778000,1.61,0.57725,280.0575
MSFT,2022-04-19,279.38,286.17,278.41,285.3,22297720,5.92,2.12,282.315
MSFT,2022-04-20,289.4,289.7,285.37,286.36,22906700,-3.04,-1.05,287.7075
MSFT,2022-04-21,288.58,293.3,280.06,280.81,29454600,-7.77,-2.69,285.6875
MSFT,2022-04-22,281.68,283.2,273.38,274.03,29405800,-7.65,-2.72,278.0725
MSFT,2022-04-25,273.29,281.11,270.77,280.72,35678900,7.43,2.72,276.4725
MSFT,2022-04-26,277.5,278.36,270.0,270.22,46518445,-7.28,-2.62,274.02
MSFT,2022-04-27,282.1,290.97,279.16,283.22,63477700,1.12,0.39702,283.8625
MSFT,2022-04-28,285.19,290.98,281.46,289.63,33646600,4.44,1.56,286.815
MSFT,2022-04-29,288.61,289.88,276.5,277.52,37073923,-11.09,-3.84,283.1275
MSFT,2022-05-02,277.71,284.94,276.22,284.47,35151105,6.76,2.43,280.835
MSFT,2022-05-03,283.96,284.13,280.15,281.78,25978605,-2.18,-0.76771,282.505
MSFT,2022-05-04,282.59,290.88,276.73,289.98,33599320,7.39,2.62,285.045
MSFT,2022-05-05,285.54,286.35,274.34,277.35,43260400,-8.19,-2.87,280.895
MSFT,2022-05-06,274.81,279.25,271.27,274.73,37780322,-0.075,-0.02911102,275.015
MSFT,2022-05-09,270.06,272.36,263.32,264.58,47726000,-5.48,-2.03,267.58
MSFT,2022-05-10,271.69,273.75,265.07,269.5,39336424,-2.19,-0.80607,270.0025
MSFT,2022-05-11,265.68,271.36,259.3,260.55,48975900,-5.13,-1.93,264.2225
MSFT,2022-05-12,257.69,259.88,250.02,255.35,51033802,-2.34,-0.90807,255.735
MSFT,2022-05-13,257.35,263.04,255.35,261.12,34925100,3.77,1.46,259.215
MSFT,2022-05-16,259.96,265.82,255.78,261.5,32550933,1.55,0.5924,260.765
MSFT,2022-05-17,266.11,268.33,262.46,266.82,28828800,0.71,0.26681,265.93
MSFT,2022-05-18,263.0,263.6,252.77,254.08,31356000,-8.92,-3.39,258.3625
MSFT,2022-05-19,253.9,257.67,251.88,253.14,32692300,-0.76,-0.29933,254.1475
MSFT,2022-05-20,257.24,258.54,246.44,252.56,39199300,-4.68,-1.82,253.695
MSFT,2022-05-23,255.49,261.5,253.43,260.65,33175400,5.16,2.02,257.7675
MSFT,2022-05-24,257.89,261.33,253.5,259.62,29043904,1.73,0.67083,258.085
MSFT,2022-05-25,258.14,264.58,257.13,262.52,28547947,4.38,1.7,260.5925
MSFT,2022-05-26,262.27,267.11,261.43,265.9,25002105,3.63,1.38,264.1775
MSFT,2022-05-27,268.48,273.34,267.56,273.24,26910806,4.76,1.77,270.655
MSFT,2022-05-31,272.53,274.77,268.93,271.87,37827700,-0.66,-0.24218,272.025
MSFT,2022-06-01,275.2,277.69,270.04,272.42,25292200,-2.77,-1.01,273.8375
MSFT,2022-06-02,264.45,274.65,261.6,274.58,44008209,10.13,3.83,268.82
MSFT,2022-06-03,270.31,273.45,268.41,270.02,28059000,-0.29,-0.10728,270.5475
MSFT,2022-06-06,272.06,274.18,267.22,268.75,22400342,-3.31,-1.22,270.5525
MSFT,2022-06-07,266.64,273.13,265.94,272.5,22860700,5.87,2.2,269.5525
MSFT,2022-06-08,271.71,273.0,269.61,270.41,17372341,-1.3,-0.47845,271.1825
MSFT,2022-06-09,267.78,272.71,264.63,264.79,26439728,-2.99,-1.12,267.4775
MSFT,2022-06-10,260.58,260.58,252.53,252.99,31445841,-7.59,-2.91,256.67
MSFT,2022-06-13,245.11,249.02,241.53,242.26,46135800,-2.85,-1.16,244.48
MSFT,2022-06-14,243.86,245.74,241.51,244.49,28651500,0.63,0.25834,243.9
MSFT,2022-06-15,248.31,255.3,246.42,251.76,33111729,3.45,1.39,250.4475
MSFT,2022-06-16,245.98,247.42,243.02,244.97,33169200,-1.01,-0.4106,245.3475
MSFT,2022-06-17,244.7,250.5,244.03,247.65,43084800,2.95,1.21,246.72
MSFT,2022-06-21,250.26,254.75,249.51,253.74,29928300,3.49,1.39,252.065
MSFT,2022-06-22,251.89,257.17,250.37,253.13,25961215,1.24,0.49228,253.14
MSFT,2022-06-23,255.57,259.37,253.63,258.86,25861449,3.29,1.29,256.8575
MSFT,2022-06-24,261.81,267.98,261.72,267.7,33923231,5.89,2.25,264.8025
MSFT,2022-06-27,268.21,268.3,263.28,264.89,24615114,-3.31,-1.24,266.17
MSFT,2022-06-28,263.98,266.91,256.32,256.48,27380247,-7.5,-2.84,260.9225
MSFT,2022-06-29,257.59,261.97,255.76,260.26,20069839,2.67,1.04,258.895
MSFT,2022-06-30,257.05,259.53,252.9,256.83,31730900,-0.22,-0.08558646,256.5775
MSFT,2022-07-01,256.39,259.77,254.61,259.58,22837700,3.19,1.24,257.5875
MSFT,2022-07-05,256.16,262.98,254.74,262.85,22971634,6.69,2.61,259.1825
MSFT,2022-07-06,263.75,267.99,262.4,266.21,23824419,2.46,0.9327,265.0875
MSFT,2022-07-07,265.12,269.06,265.02,268.4,20859900,3.28,1.24,266.9
MSFT,2022-07-08,264.79,268.1,263.29,267.66,19658800,2.87,1.08,265.96
MSFT,2022-07-11,265.65,266.53,262.18,264.51,19519108,-1.14,-0.42914,264.7175
MSFT,2022-07-12,265.88,265.94,252.04,253.67,35868500,-12.21,-4.59,259.3825
MSFT,2022-07-13,250.19,253.55,248.11,252.72,29497423,2.53,1.01,251.1425
MSFT,2022-07-14,250.57,255.14,245.94,254.08,25102823,3.51,1.4,251.4325
MSFT,2022-07-15,255.72,260.37,254.77,256.72,29774100,1.0,0.39105,256.895
MSFT,2022-07-18,259.75,260.84,253.3,254.25,20975034,-5.5,-2.12,257.035
MSFT,2022-07-19,257.58,259.72,253.68,259.53,25012600,1.95,0.75705,257.6275
MSFT,2022-07-20,259.9,264.87,258.91,262.27,22788300,2.37,0.91189,261.4875
MSFT,2022-07-21,259.79,264.89,257.03,264.84,22404700,5.05,1.94,261.6375
MSFT,2022-07-22,265.24,265.33,259.07,260.36,21881300,-4.88,-1.84,262.5
MSFT,2022-07-25,261.0,261.5,256.81,258.83,21056000,-2.17,-0.83142,259.535
MSFT,2022-07-26,259.86,259.88,249.57,251.9,39348000,-7.96,-3.06,255.3025
MSFT,2022-07-27,261.16,270.05,258.85,268.74,45994049,7.58,2.9,264.7
MSFT,2022-07-28,269.75,277.84,267.87,276.41,33459327,6.66,2.47,272.9675
MSFT,2022-07-29,277.7,282.0,276.63,280.74,32152800,3.04,1.09,279.2675
MSFT,2022-08-01,277.82,281.28,275.84,278.01,21539600,0.19,0.0683896,278.2375
MSFT,2022-08-02,276.0,277.89,272.38,274.82,22754200,-1.18,-0.42754,275.2725
MSFT,2022-08-03,276.76,283.5,276.61,282.47,23518900,5.71,2.06,279.835
MSFT,2022-08-04,281.8,283.8,280.17,283.65,18098700,1.85,0.65649,282.355
MSFT,2022-08-05,279.15,283.65,278.68,282.91,16774606,3.76,1.35,281.0975
MSFT,2022-08-08,284.05,285.92,279.32,280.32,18757818,-3.73,-1.31,282.4025
MSFT,2022-08-09,279.64,283.08,277.61,282.3,23405238,2.66,0.95122,280.6575
MSFT,2022-08-10,288.17,289.81,286.94,289.16,24687845,0.99,0.34355,288.52
MSFT,2022-08-11,290.85,291.21,286.51,287.02,20065938,-3.83,-1.32,288.8975
MSFT,2022-08-12,288.48,291.91,286.94,291.91,22619700,3.43,1.19,289.81
MSFT,2022-08-15,291.0,294.18,290.11,293.47,18085700,2.47,0.8488,292.19
MSFT,2022-08-16,291.99,294.04,290.42,292.71,18102900,0.72,0.24658,292.29
MSFT,2022-08-17,289.74,293.35,289.47,291.32,18253400,1.58,0.54532,290.97
MSFT,2022-08-18,290.19,291.91,289.08,290.17,17186200,-0.019,-0.00689204,290.3375
MSFT,2022-08-19,288.9,289.25,285.56,286.15,20570033,-2.75,-0.95189,287.465
MSFT,2022-08-22,282.08,282.46,277.22,277.75,25061100,-4.33,-1.54,279.8775
MSFT,2022-08-23,276.44,278.86,275.4,276.44,17527409,0.0,0.0,276.785
MSFT,2022-08-24,275.41,277.23,275.11,275.79,18137019,0.38,0.13798,275.885
MSFT,2022-08-25,277.33,279.02,274.52,278.85,16583407,1.52,0.54808,277.43
MSFT,2022-08-26,279.08,280.34,267.98,268.09,27549307,-10.99,-3.94,273.8725
MSFT,2022-08-29,265.85,267.4,263.85,265.23,20338544,-0.62,-0.23321,265.5825
MSFT,2022-08-30,266.67,267.05,260.66,262.97,22767100,-3.7,-1.39,264.3375
MSFT,2022-08-31,265.39,267.11,261.33,261.47,24791834,-3.92,-1.48,263.825
MSFT,2022-09-01,258.87,260.89,255.41,260.4,23263431,1.53,0.59103,258.8925
MSFT,2022-09-02,261.7,264.74,254.47,256.06,22855400,-5.63,-2.16,259.2425
MSFT,2022-09-06,256.2,257.83,251.94,253.25,21328242,-2.95,-1.15,254.805
MSFT,2022-09-07,254.7,258.83,253.22,258.09,24126700,3.39,1.33,256.21
MSFT,2022-09-08,257.51,260.43,254.79,258.52,20319911,1.01,0.39222,257.8125
MSFT,2022-09-09,260.5,265.23,260.29,264.46,22093190,3.96,1.52,262.62
MSFT,2022-09-12,265.78,267.45,265.16,266.65,18747700,0.87,0.32734,266.26
MSFT,2022-09-13,258.84,260.4,251.59,251.99,33353318,-6.85,-2.65,255.705
MSFT,2022-09-14,253.53,254.23,249.86,252.22,23913000,-1.31,-0.5167,252.46
MSFT,2022-09-15,249.77,251.4,244.02,245.38,31530948,-4.39,-1.76,247.6425
MSFT,2022-09-16,244.26,245.3,242.06,244.74,39791800,0.48,0.19651,244.09
MSFT,2022-09-19,242.47,245.14,240.85,244.52,26826931,2.06,0.84547,243.245
MSFT,2022-09-20,242.07,243.51,239.64,242.45,26660300,0.385,0.15698,241.9175
MSFT,2022-09-21,244.27,247.66,238.9,238.95,28625600,-5.32,-2.18,242.445
MSFT,2022-09-22,237.87,243.86,237.57,240.98,31061200,3.11,1.31,240.07
MSFT,2022-09-23,239.54,241.13,235.2,237.92,34176048,-1.62,-0.6763,238.4475
MSFT,2022-09-26,237.05,241.45,236.9,237.45,27694200,0.405,0.16874,238.2125
MSFT,2022-09-27,239.98,241.8,234.5,236.41,27018732,-3.57,-1.49,238.1725
MSFT,2022-09-28,236.81,242.33,234.73,241.07,29029700,4.26,1.8,238.735
MSFT,2022-09-29,238.89,239.95,234.41,237.5,27484233,-1.39,-0.58186,237.6875
MSFT,2022-09-30,238.29,240.54,232.73,232.9,35694832,-5.39,-2.26,236.115
MSFT,2022-10-03,235.41,241.61,234.66,240.74,28880400,5.33,2.26,238.105
MSFT,2022-10-04,245.09,250.36,244.98,248.88,34888416,3.79,1.55,247.3275
MSFT,2022-10-05,245.99,250.58,244.1,249.2,20347136,3.21,1.3,247.4675
MSFT,2022-10-06,247.93,250.34,246.08,246.79,20239900,-1.14,-0.45981,247.785
MSFT,2022-10-07,240.9,241.32,233.17,234.24,37769602,-6.66,-2.76,237.4075
MSFT,2022-10-10,233.05,234.56,226.73,229.25,29743608,-3.8,-1.63,230.8975
MSFT,2022-10-11,227.62,229.06,224.11,225.41,30474000,-2.21,-0.97092,226.55
MSFT,2022-10-12,225.4,227.86,223.96,225.75,21903937,0.35,0.15528,225.7425
MSFT,2022-10-13,219.85,236.1,219.13,234.24,42551818,14.39,6.55,227.33
MSFT,2022-10-14,235.54,237.24,228.34,228.56,30198600,-6.98,-2.96,232.42
MSFT,2022-10-17,235.82,238.96,235.14,237.53,28142300,1.71,0.72513,236.8625
MSFT,2022-10-18,243.24,243.93,235.37,238.5,26329600,-4.74,-1.95,240.26
MSFT,2022-10-19,237.04,239.61,234.29,236.48,19985700,-0.56,-0.23625,236.855
MSFT,2022-10-20,235.77,241.31,234.87,236.15,21811015,0.38,0.16117,237.025
MSFT,2022-10-21,234.74,243.0,234.5,242.12,26299733,7.38,3.14,238.59
MSFT,2022-10-24,243.76,247.84,241.3,247.25,24911212,3.49,1.43,245.0375
MSFT,2022-10-25,247.26,251.04,245.83,250.66,34775505,3.4,1.38,248.6975
MSFT,2022-10-26,231.17,238.3,230.06,231.32,82684846,0.15,0.06488731,232.7125
MSFT,2022-10-27,231.04,233.69,225.78,226.75,40424645,-4.29,-1.86,229.315
MSFT,2022-10-28,226.24,236.6,226.05,235.87,40647724,9.63,4.26,231.19
MSFT,2022-10-31,233.76,234.92,231.15,232.13,28357300,-1.63,-0.6973,232.99
MSFT,2022-11-01,234.6,235.74,227.33,228.17,30592300,-6.43,-2.74,231.46
MSFT,2022-11-02,229.46,231.3,220.04,220.1,38407008,-9.36,-4.08,225.225
MSFT,2022-11-03,220.09,220.41,213.98,214.25,36633922,-5.84,-2.65,217.1825
MSFT,2022-11-04,217.55,221.59,213.43,221.39,36789100,3.84,1.77,218.49
MSFT,2022-11-07,221.99,228.41,221.28,227.87,33498000,5.88,2.65,224.8875
MSFT,2022-11-08,228.7,231.65,225.84,228.87,28192548,0.17,0.07433319,228.765
MSFT,2022-11-09,227.37,228.63,224.33,224.51,27852910,-2.86,-1.26,226.21
MSFT,2022-11-10,235.43,243.33,235.0,242.98,46268021,7.55,3.21,239.185
MSFT,2022-11-11,242.99,247.99,241.93,247.11,34620246,4.12,1.7,245.005
MSFT,2022-11-14,241.99,243.91,239.21,241.55,31123340,-0.435,-0.18183,241.665
MSFT,2022-11-15,245.66,247.0,240.03,241.97,31390117,-3.69,-1.5,243.665
MSFT,2022-11-16,242.79,243.8,240.42,241.73,24093300,-1.06,-0.43659,242.185
MSFT,2022-11-17,237.78,243.25,237.63,241.68,23123544,3.9,1.64,240.085
MSFT,2022-11-18,243.51,243.74,239.03,241.22,27613523,-2.29,-0.94041,241.875
MSFT,2022-11-21,241.43,244.67,241.19,242.05,26394700,0.62,0.2568,242.335
MSFT,2022-11-22,243.59,245.31,240.71,245.03,19665700,1.44,0.59116,243.66
MSFT,2022-11-23,245.11,248.28,244.27,247.58,19508500,2.48,1.01,246.31
MSFT,2022-11-25,247.31,248.7,246.73,247.49,9200800,0.18,0.07278315,247.5575
MSFT,2022-11-28,246.08,246.65,240.8,241.76,24810271,-4.32,-1.76,243.8225
MSFT,2022-11-29,241.4,242.79,238.21,240.33,17956313,-1.07,-0.44325,240.6825
MSFT,2022-11-30,240.57,255.33,239.86,255.14,47594239,14.57,6.06,247.725
MSFT,2022-12-01,253.87,256.12,250.92,254.69,26041524,0.82,0.323,253.9
MSFT,2022-12-02,249.82,256.06,249.69,255.02,21528520,5.2,2.08,252.6475
MSFT,2022-12-05,252.01,253.82,248.06,250.2,23435300,-1.81,-0.71823,251.0225
MSFT,2022-12-06,250.82,251.86,243.78,245.12,22463727,-5.7,-2.27,247.895
MSFT,2022-12-07,244.83,246.16,242.21,244.37,20481522,-0.46,-0.18789,244.3925
MSFT,2022-12-08,244.84,248.74,243.06,247.4,22611800,2.56,1.05,246.01
MSFT,2022-12-09,244.7,248.31,244.16,245.42,20609743,0.725,0.29424,245.6475
MSFT,2022-12-12,247.45,252.54,247.17,252.51,30665100,5.06,2.04,249.9175
MSFT,2022-12-13,261.69,263.92,253.07,256.92,42196900,-4.77,-1.82,258.9
MSFT,2022-12-14,257.13,262.59,254.31,257.22,35410933,0.09,0.03500175,257.8125
MSFT,2022-12-15,253.72,254.2,247.34,249.01,35568093,-4.71,-1.86,251.0675
MSFT,2022-12-16,248.55,249.84,243.51,244.69,86102000,-3.86,-1.55,246.6475
MSFT,2022-12-19,244.86,245.21,238.71,240.45,29696436,-4.41,-1.8,242.3075
MSFT,2022-12-20,239.4,242.91,238.42,241.8,25150802,2.4,1.0,240.6325
MSFT,2022-12-21,241.69,245.62,240.11,244.43,23690607,2.74,1.13,242.9625
MSFT,2022-12-22,241.26,241.99,233.87,238.19,28651700,-3.06,-1.27,238.8275
MSFT,2022-12-23,236.11,238.87,233.94,238.73,21207000,2.62,1.11,236.9125
MSFT,2022-12-27,238.7,238.93,235.83,236.96,16688648,-1.74,-0.72895,237.605
MSFT,2022-12-28,236.89,239.72,234.17,234.53,17457104,-2.36,-0.99624,236.3275
MSFT,2022-12-29,235.65,241.92,235.65,241.01,19770700,5.36,2.27,238.5575
MSFT,2022-12-30,238.21,239.96,236.66,239.82,21938500,1.61,0.67587,238.6625
MSFT,2023-01-03,243.08,245.75,237.4,239.58,25740036,-3.5,-1.44,241.4525
MSFT,2023-01-04,232.28,232.87,225.96,229.1,50623400,-3.18,-1.37,230.0525
MSFT,2023-01-05,227.2,227.55,221.76,222.31,39585623,-4.89,-2.15,224.705
MSFT,2023-01-06,223.0,225.76,219.35,224.93,43613600,1.93,0.86547,223.26
MSFT,2023-01-09,226.45,231.24,226.41,227.12,27369800,0.67,0.29587,227.805
MSFT,2023-01-10,227.76,231.31,227.33,228.85,27033900,1.09,0.47857,228.8125
MSFT,2023-01-11,231.29,235.95,231.11,235.77,28669331,4.48,1.94,233.53
MSFT,2023-01-12,235.26,239.9,233.56,238.51,27269500,3.25,1.38,236.8075
MSFT,2023-01-13,237.0,239.37,234.92,239.23,21333300,2.23,0.94093,237.63
MSFT,2023-01-17,237.97,240.91,237.09,240.35,29831300,2.38,1.0,239.08
MSFT,2023-01-18,241.57,242.38,235.52,235.81,30028700,-5.75,-2.38,238.82
MSFT,2023-01-19,233.78,235.52,230.68,231.93,28623033,-1.85,-0.79134,232.9775
MSFT,2023-01-20,234.86,240.74,234.51,240.22,35389809,5.37,2.28,237.5825
MSFT,2023-01-23,241.1,245.17,239.65,242.58,31934000,1.48,0.61385,242.125
MSFT,2023-01-24,242.5,243.95,240.44,242.04,40234444,-0.46,-0.18969,242.2325
MSFT,2023-01-25,234.48,243.3,230.9,240.61,66526641,6.13,2.61,237.3225
MSFT,2023-01-26,243.65,248.31,242.0,248.0,33454500,4.35,1.79,245.49
MSFT,2023-01-27,248.99,249.83,246.83,248.16,26498939,-0.83,-0.33335,248.4525
MSFT,2023-01-30,244.51,245.6,242.2,242.71,25867400,-1.8,-0.73617,243.755
MSFT,2023-01-31,243.45,247.95,242.95,247.81,26541100,4.36,1.79,245.54
MSFT,2023-02-01,248.0,255.18,245.47,252.75,31259912,4.75,1.92,250.35
MSFT,2023-02-02,258.82,264.69,257.25,264.6,39940437,5.78,2.23,261.34
MSFT,2023-02-03,259.54,264.2,257.1,258.35,29077300,-1.19,-0.4585,259.7975
MSFT,2023-02-06,257.44,258.3,254.78,256.77,22518000,-0.67,-0.26025,256.8225
MSFT,2023-02-07,260.53,268.77,260.08,267.56,50841400,7.03,2.7,264.235
MSFT,2023-02-08,273.2,276.76,266.21,266.73,54686049,-6.47,-2.37,270.725
MSFT,2023-02-09,273.8,273.98,262.8,263.62,42375102,-10.18,-3.72,268.55
MSFT,2023-02-10,261.53,264.09,260.66,263.1,25818500,1.57,0.60031,262.345
MSFT,2023-02-13,267.64,274.6,267.15,271.32,44630921,3.68,1.37,270.1775
MSFT,2023-02-14,272.67,274.97,269.28,272.17,37047924,-0.5,-0.18337,272.2725
MSFT,2023-02-15,268.32,270.73,266.18,269.32,28962163,1.0,0.37269,268.6375
MSFT,2023-02-16,264.02,266.74,261.9,262.15,29603616,-1.87,-0.70828,263.7025
MSFT,2023-02-17,259.39,260.09,256.0,258.06,30000100,-1.33,-0.51274,258.385
MSFT,2023-02-21,254.48,255.49,251.59,252.67,28397444,-1.81,-0.71125,253.5575
MSFT,2023-02-22,254.09,254.34,250.34,251.51,22491100,-2.58,-1.02,252.57
MSFT,2023-02-23,255.56,256.84,250.48,254.77,29219100,-0.79,-0.30913,254.4125
MSFT,2023-02-24,249.96,251.0,248.1,249.22,24990905,-0.74,-0.29605,249.57
MSFT,2023-02-27,252.46,252.82,249.39,250.16,21190042,-2.3,-0.91104,251.2075
MSFT,2023-02-28,249.07,251.49,248.73,249.42,22491000,0.35,0.14052,249.6775
MSFT,2023-03-01,250.76,250.93,245.79,246.27,27565300,-4.49,-1.79,248.4375
MSFT,2023-03-02,246.55,251.4,245.61,251.11,24833646,4.56,1.85,248.6675
MSFT,2023-03-03,252.19,255.62,251.39,255.29,30760136,3.1,1.23,253.6225
MSFT,2023-03-06,256.43,260.12,255.98,256.87,24109849,0.445,0.17159,257.35
MSFT,2023-03-07,256.3,257.69,253.39,254.15,21473200,-2.15,-0.83886,255.3825
MSFT,2023-03-08,254.04,254.54,250.81,253.7,17340217,-0.34,-0.13384,253.2725
MSFT,2023-03-09,255.82,259.56,251.58,252.32,26653400,-3.5,-1.37,254.82
MSFT,2023-03-10,251.08,252.79,247.6,248.59,28333930,-2.49,-0.99172,250.015
MSFT,2023-03-13,247.4,257.91,245.73,253.92,33339721,6.52,2.64,251.24
MSFT,2023-03-14,256.75,261.07,255.86,260.79,33620300,4.04,1.57,258.6175
MSFT,2023-03-15,259.98,266.48,259.21,265.44,46028047,5.46,2.1,262.7775
MSFT,2023-03-16,265.21,276.56,263.28,276.2,54832140,11.0,4.14,270.3125
MSFT,2023-03-17,278.26,283.33,276.32,279.43,69527400,1.17,0.42047,279.335
MSFT,2023-03-20,276.98,277.48,269.85,272.23,43466649,-4.75,-1.71,274.135
MSFT,2023-03-21,274.88,275.0,269.52,273.78,34558704,-1.1,-0.40017,273.295
MSFT,2023-03-22,273.4,281.04,272.18,272.29,34873330,-1.11,-0.406,274.7275
MSFT,2023-03-23,277.94,281.06,275.2,277.66,36610900,-0.28,-0.10074,277.965
MSFT,2023-03-24,277.24,280.63,275.28,280.57,28199962,3.33,1.2,278.43
MSFT,2023-03-27,280.5,281.46,275.52,276.38,26840212,-4.12,-1.47,278.465
MSFT,2023-03-28,275.79,276.14,272.05,275.23,21878647,-0.56,-0.20305,274.8025
MSFT,2023-03-29,278.96,281.14,278.41,280.51,25087032,1.55,0.55564,279.755
MSFT,2023-03-30,284.23,284.46,281.48,284.05,25053410,-0.18,-0.06332899,283.555
MSFT,2023-03-31,283.73,289.27,283.0,288.3,32766000,4.57,1.61,286.075
MSFT,2023-04-03,286.52,288.27,283.95,287.23,24883342,0.71,0.2478,286.4925
MSFT,2023-04-04,287.23,290.45,285.67,287.18,25824300,-0.05,-0.01740765,287.6325
MSFT,2023-04-05,285.85,287.15,282.92,284.34,22064800,-1.51,-0.52825,285.065
MSFT,2023-04-06,283.21,292.08,282.03,291.6,29770334,8.39,2.96,287.23
MSFT,2023-04-10,289.21,289.6,284.71,289.39,23103000,0.182,0.06223851,288.2275
MSFT,2023-04-11,285.75,285.98,281.64,282.83,27276600,-2.92,-1.02,284.05
MSFT,2023-04-12,284.79,287.01,281.96,283.49,27403432,-1.3,-0.45648,284.3125
MSFT,2023-04-13,283.59,289.9,283.17,289.84,24222700,6.25,2.2,286.625
MSFT,2023-04-14,287.0,288.48,283.69,286.14,20987917,-0.86,-0.29965,286.3275
MSFT,2023-04-17,289.93,291.6,286.16,288.8,23836223,-1.13,-0.38975,289.1225
MSFT,2023-04-18,291.57,291.76,287.01,288.37,20161845,-3.2,-1.1,289.6775
MSFT,2023-04-19,285.99,289.05,284.54,288.45,17150300,2.46,0.86017,287.0075
MSFT,2023-04-20,285.25,289.03,285.08,286.11,23244400,0.86,0.30149,286.3675
MSFT,2023-04-21,285.01,286.27,283.06,285.76,21676400,0.75,0.26315,285.025
MSFT,2023-04-24,282.09,284.95,278.72,281.77,26611014,-0.32,-0.11344,281.8825
MSFT,2023-04-25,279.51,281.6,275.37,275.42,45772236,-4.09,-1.46,277.975
MSFT,2023-04-26,296.7,299.57,292.73,295.37,64599200,-1.33,-0.44826,296.0925
MSFT,2023-04-27,295.97,305.2,295.25,304.83,46462638,8.86,2.99,300.3125
MSFT,2023-04-28,304.01,308.93,303.31,307.26,36469613,3.25,1.07,305.8775
MSFT,2023-05-01,306.97,308.6,305.15,305.56,21294115,-1.41,-0.45933,306.57
MSFT,2023-05-02,307.76,309.18,303.91,305.41,26404431,-2.35,-0.76358,306.565
MSFT,2023-05-03,306.62,308.61,304.09,304.4,22360800,-2.22,-0.72402,305.93
MSFT,2023-05-04,306.24,307.76,303.4,305.41,22519907,-0.83,-0.27103,305.7025
MSFT,2023-05-05,305.72,311.97,304.27,310.65,28197100,4.93,1.61,308.1525
MSFT,2023-05-08,310.13,310.2,306.09,308.65,21318613,-1.48,-0.47722,308.7675
MSFT,2023-05-09,308.0,310.04,306.31,307.0,21340829,-1.0,-0.32468,307.8375
MSFT,2023-05-10,308.62,313.0,307.67,312.31,30078044,3.69,1.2,310.4
MSFT,2023-05-11,310.1,311.12,306.26,310.11,31680200,0.01,0.00322477,309.3975
MSFT,2023-05-12,310.55,310.65,306.6,308.97,19774700,-1.58,-0.50877,309.1925
MSFT,2023-05-15,309.1,309.9,307.59,309.46,16336547,0.365,0.11647,309.0125
MSFT,2023-05-16,309.83,313.71,309.83,311.74,26730347,1.91,0.61647,311.2775
MSFT,2023-05-17,312.29,314.43,310.74,314.0,24315012,1.71,0.54757,312.865
MSFT,2023-05-18,314.53,319.04,313.72,318.52,27276000,3.99,1.27,316.4525
MSFT,2023-05-19,316.74,318.75,316.37,318.34,27546701,1.6,0.50515,317.55
MSFT,2023-05-22,318.6,322.59,318.01,321.18,24115700,2.58,0.80979,320.095
MSFT,2023-05-23,320.03,322.72,315.25,315.26,30797200,-4.77,-1.49,318.315
MSFT,2023-05-24,314.73,316.5,312.61,313.85,23384900,-0.88,-0.2796,314.4225
MSFT,2023-05-25,323.24,326.9,320.0,325.92,43301743,2.68,0.82911,324.015
MSFT,2023-05-26,324.02,333.4,323.88,332.89,36630633,8.87,2.74,328.5475
MSFT,2023-05-30,335.23,335.74,330.52,331.21,29503100,-4.02,-1.2,333.175
MSFT,2023-05-31,332.29,335.94,327.33,328.39,45950600,-3.9,-1.17,330.9875
MSFT,2023-06-01,325.93,333.53,324.72,332.58,26773900,6.65,2.04,329.19
MSFT,2023-06-02,334.25,337.5,332.55,335.4,25873800,1.15,0.34405,334.925
MSFT,2023-06-05,335.22,338.56,334.66,335.94,21307100,0.72,0.21478,336.095
MSFT,2023-06-06,335.33,335.37,332.17,333.68,20396223,-1.65,-0.49205,334.1375
MSFT,2023-06-07,331.65,334.49,322.5,323.38,40717129,-8.27,-2.49,328.005
MSFT,2023-06-08,323.94,326.64,323.35,325.26,23277708,1.32,0.40748,324.7975
MSFT,2023-06-09,324.99,329.99,324.41,326.79,22529000,1.8,0.55386,326.545
MSFT,2023-06-12,328.58,332.1,325.16,331.85,24306753,3.27,0.99519,329.4225
MSFT,2023-06-13,334.47,336.98,330.39,334.29,22951300,-0.175,-0.05381649,334.0325
MSFT,2023-06-14,334.34,339.04,332.81,337.34,26003800,3.0,0.89729,335.8825
MSFT,2023-06-15,337.48,349.84,337.2,348.1,38899100,10.62,3.15,343.155
MSFT,2023-06-16,351.32,351.47,341.95,342.33,46552000,-8.99,-2.56,346.7675
MSFT,2023-06-20,339.31,342.08,335.86,338.05,26375407,-1.26,-0.37134,338.825
MSFT,2023-06-21,336.37,337.73,332.07,333.56,25117800,-2.81,-0.83539,334.9325
MSFT,2023-06-22,334.12,340.12,333.34,339.71,23556800,5.59,1.67,336.8225
MSFT,2023-06-23,334.36,337.96,333.45,335.02,23146901,0.66,0.19739,335.1975
MSFT,2023-06-26,333.72,336.11,328.49,328.6,21520600,-5.12,-1.53,331.73
MSFT,2023-06-27,331.86,336.15,329.3,334.57,24354110,2.71,0.81661,332.97
MSFT,2023-06-28,334.66,337.98,333.81,335.85,20259523,1.19,0.35558,335.575
MSFT,2023-06-29,334.71,336.11,332.62,335.05,16997042,0.34,0.10158,334.6225
MSFT,2023-06-30,337.75,342.73,337.2,340.54,26832800,2.79,0.82605,339.555
MSFT,2023-07-03,339.19,340.9,336.57,337.99,12508700,-1.2,-0.35378,338.6625
MSFT,2023-07-05,335.09,341.65,334.73,338.15,18172400,3.06,0.91319,337.405
MSFT,2023-07-06,337.3,342.99,335.5,341.27,28195534,3.97,1.18,339.265
MSFT,2023-07-07,339.32,341.79,337.0,337.22,21214824,-2.1,-0.61888,338.8325
MSFT,2023-07-10,334.6,335.23,327.59,331.83,32791449,-2.77,-0.82785,332.3125
MSFT,2023-07-11,331.06,332.86,327.0,332.47,26698218,1.41,0.4259,330.8475
MSFT,2023-07-12,336.6,341.65,335.67,337.2,29995300,0.6,0.17825,337.78
MSFT,2023-07-13,339.56,343.74,339.02,342.66,20567200,3.1,0.91295,341.245
MSFT,2023-07-14,347.59,351.43,344.31,345.24,28352729,-2.35,-0.67608,347.1425
MSFT,2023-07-17,345.68,346.99,342.2,345.73,20363927,0.052,0.01446424,345.15
MSFT,2023-07-18,345.83,366.78,342.17,359.49,64872705,13.66,3.95,353.5675
MSFT,2023-07-19,361.75,362.46,352.44,355.08,39732901,-6.67,-1.84,357.9325
MSFT,2023-07-20,353.57,357.97,345.37,346.87,33778400,-6.7,-1.89,350.945
MSFT,2023-07-21,349.15,350.3,339.83,343.77,69405400,-5.38,-1.54,345.7625
MSFT,2023-07-24,345.85,346.92,342.31,345.11,26719207,-0.74,-0.21397,345.0475
MSFT,2023-07-25,347.11,351.89,345.07,350.98,41637739,3.87,1.11,348.7625
MSFT,2023-07-26,341.44,344.67,333.11,337.77,58383702,-3.67,-1.07,339.2475
MSFT,2023-07-27,340.48,341.33,329.05,330.72,39635300,-9.76,-2.87,335.395
MSFT,2023-07-28,333.67,340.01,333.17,338.37,28484900,4.7,1.41,336.305
MSFT,2023-07-31,336.92,337.7,333.36,335.92,25446022,-1.0,-0.29681,335.975
MSFT,2023-08-01,335.19,338.54,333.7,336.34,18381253,1.15,0.34309,335.9425
MSFT,2023-08-02,333.63,333.63,326.36,327.5,27761300,-6.13,-1.84,330.28
MSFT,2023-08-03,326.0,329.88,325.95,326.66,18360352,0.66,0.20245,327.1225
MSFT,2023-08-04,331.88,335.14,327.24,327.78,23741500,-4.1,-1.24,330.51
MSFT,2023-08-07,328.37,331.11,327.52,330.11,17741526,1.74,0.52989,329.2775
MSFT,2023-08-08,326.96,328.75,323.0,326.05,22327600,-0.91,-0.27832,326.19
MSFT,2023-08-09,326.47,327.11,321.05,322.23,22373300,-4.24,-1.3,324.215
MSFT,2023-08-10,326.02,328.26,321.18,322.93,20113725,-3.08,-0.94779,324.5975
MSFT,2023-08-11,320.26,322.41,319.21,321.01,24355500,0.75,0.23418,320.7225
MSFT,2023-08-14,321.39,324.06,320.08,324.04,18836139,2.65,0.82454,322.3925
MSFT,2023-08-15,323.0,325.09,320.9,321.86,16966300,-1.14,-0.35294,322.7125
MSFT,2023-08-16,320.8,324.42,319.8,320.4,20698900,-0.4,-0.12469,321.355
MSFT,2023-08-17,320.54,321.87,316.21,316.88,21257200,-3.66,-1.14,318.875
MSFT,2023-08-18,314.49,318.38,311.55,316.48,24755012,1.99,0.63277,315.225
MSFT,2023-08-21,317.93,322.77,317.04,321.88,24040000,3.95,1.24,319.905
MSFT,2023-08-22,325.5,326.08,321.46,322.46,16102024,-3.04,-0.93395,323.875
MSFT,2023-08-23,323.82,329.2,323.46,327.0,21166400,3.18,0.98203,325.87
MSFT,2023-08-24,332.85,332.98,319.96,319.97,23281434,-12.88,-3.87,326.44
MSFT,2023-08-25,321.47,325.36,318.8,322.98,21684104,1.51,0.46972,322.1525
MSFT,2023-08-28,325.66,326.15,321.72,323.7,14808500,-1.96,-0.60185,324.3075
MSFT,2023-08-29,321.88,328.98,321.88,328.41,19284600,6.53,2.03,325.2875
MSFT,2023-08-30,328.67,329.81,326.45,328.79,15222110,0.12,0.03651079,328.43
MSFT,2023-08-31,329.2,330.91,326.78,327.76,26411000,-1.44,-0.43742,328.6625
MSFT,2023-09-01,331.31,331.99,326.78,328.66,14942024,-2.65,-0.79986,329.685
MSFT,2023-09-05,329.0,334.85,328.66,333.55,18553900,4.55,1.38,331.515
MSFT,2023-09-06,333.38,334.46,330.18,332.88,17535800,-0.5,-0.14998,332.725
MSFT,2023-09-07,331.29,333.08,329.03,329.91,18381000,-1.38,-0.41655,330.8275
MSFT,2023-09-08,330.09,336.16,329.46,334.27,19548165,4.18,1.27,332.495
MSFT,2023-09-11,337.24,338.42,335.43,337.94,16583324,0.7,0.20757,337.2575
MSFT,2023-09-12,335.82,336.79,331.48,331.77,17565500,-4.05,-1.21,333.965
MSFT,2023-09-13,331.31,336.85,331.17,336.06,16544412,4.75,1.43,333.8475
MSFT,2023-09-14,339.15,340.86,336.57,338.7,20267048,-0.448,-0.13268,338.82
MSFT,2023-09-15,336.92,337.4,329.65,330.22,37679800,-6.7,-1.99,333.5475
MSFT,2023-09-18,327.8,330.4,326.36,329.06,16834208,1.26,0.38438,328.405
MSFT,2023-09-19,326.17,329.39,324.51,328.65,16514487,2.48,0.76034,327.18
MSFT,2023-09-20,329.51,329.59,320.51,320.77,21436525,-8.74,-2.65,325.095
MSFT,2023-09-21,319.26,325.35,315.0,319.53,35560400,0.27,0.08457057,319.785
MSFT,2023-09-22,321.32,321.45,316.15,317.01,21447900,-4.31,-1.34,318.9825
MSFT,2023-09-25,316.59,317.67,315.0,317.54,17836000,0.95,0.30007,316.7
MSFT,2023-09-26,315.13,315.88,310.02,312.14,26297600,-2.99,-0.94881,313.2925
MSFT,2023-09-27,312.3,314.3,309.69,312.79,19410100,0.49,0.1569,312.27
MSFT,2023-09-28,310.99,315.48,309.45,313.64,19683600,2.65,0.85212,312.39
MSFT,2023-09-29,317.75,319.47,314.98,315.75,24147300,-2.0,-0.62943,316.9875
MSFT,2023-10-02,316.28,321.89,315.18,321.8,20570006,5.52,1.75,318.7875
MSFT,2023-10-03,320.83,321.39,311.21,313.39,21033500,-7.44,-2.32,316.705
MSFT,2023-10-04,314.03,320.04,314.0,318.96,20720144,4.93,1.57,316.7575
MSFT,2023-10-05,319.09,319.98,314.9,319.36,16965629,0.27,0.08461563,318.3325
MSFT,2023-10-06,316.55,329.19,316.3,327.26,25673630,10.71,3.38,322.325
MSFT,2023-10-09,324.75,330.3,323.18,329.82,19891200,5.07,1.56,327.0125
MSFT,2023-10-10,330.96,331.1,327.67,328.39,20557100,-2.57,-0.77653,329.53
MSFT,2023-10-11,331.21,332.82,329.14,332.42,20063246,1.21,0.36533,331.3975
MSFT,2023-10-12,330.57,333.63,328.72,331.16,19313100,0.595,0.17848,331.02
MSFT,2023-10-13,332.38,333.83,326.36,327.73,21085695,-4.65,-1.4,330.075
MSFT,2023-10-16,331.05,336.14,330.6,332.64,22158048,1.59,0.48029,332.6075
MSFT,2023-10-17,329.59,333.46,327.41,332.06,18338523,2.47,0.74942,330.63
MSFT,2023-10-18,332.49,335.59,328.3,330.11,23153602,-2.38,-0.71581,331.6225
MSFT,2023-10-19,332.15,336.88,330.91,331.32,25052100,-0.83,-0.24989,332.815
MSFT,2023-10-20,331.72,331.92,325.45,326.67,25027715,-5.05,-1.52,328.94
MSFT,2023-10-23,325.47,332.73,324.39,329.32,24374748,3.85,1.18,327.9775
MSFT,2023-10-24,331.3,331.84,327.6,330.53,31153600,-0.77,-0.23242,330.3175
MSFT,2023-10-25,345.02,346.2,337.62,340.67,55053828,-4.35,-1.26,342.3775
MSFT,2023-10-26,340.54,341.63,326.94,327.89,37828543,-12.65,-3.71,334.25
MSFT,2023-10-27,330.43,336.72,328.4,329.81,29856522,-0.615,-0.18763,331.34
MSFT,2023-10-30,333.41,339.45,331.83,337.31,22828100,3.9,1.17,335.5
MSFT,2023-10-31,338.85,339.0,334.69,338.11,20265300,-0.74,-0.21839,337.6625
MSFT,2023-11-01,339.79,347.42,339.65,346.07,28158819,6.28,1.85,343.2325
MSFT,2023-11-02,347.24,348.83,344.77,348.32,24348100,1.08,0.31102,347.29
MSFT,2023-11-03,349.63,354.39,347.33,352.8,23637700,3.17,0.90667,351.0375
MSFT,2023-11-06,353.45,357.54,353.35,356.53,23828301,3.08,0.87141,355.2175
MSFT,2023-11-07,359.4,362.46,357.63,360.53,25833931,1.13,0.31441,360.005
MSFT,2023-11-08,361.68,363.87,360.55,363.2,26767828,1.52,0.42026,362.325
MSFT,2023-11-09,362.3,364.79,360.36,360.69,24847331,-1.61,-0.44438,362.035
MSFT,2023-11-10,361.49,370.1,361.07,369.67,28065164,8.18,2.26,365.5825
MSFT,2023-11-13,368.22,368.47,365.9,366.68,19986506,-1.54,-0.41823,367.3175
MSFT,2023-11-14,371.01,371.95,367.35,370.27,27683900,-0.74,-0.19946,370.145
MSFT,2023-11-15,371.28,373.13,367.11,369.67,26860100,-1.61,-0.43363,370.2975
MSFT,2023-11-16,370.96,376.35,370.18,376.17,27182315,5.21,1.4,373.415
MSFT,2023-11-17,373.61,374.37,367.0,369.85,40325371,-3.76,-1.01,371.2075
MSFT,2023-11-20,371.22,378.87,371.0,377.44,52528964,6.22,1.68,374.6325
MSFT,2023-11-21,375.67,376.22,371.12,373.07,28423145,-2.6,-0.6921,374.02
MSFT,2023-11-22,378.0,379.79,374.97,377.85,23361184,-0.15,-0.03968254,377.6525
MSFT,2023-11-24,377.33,377.97,375.14,377.43,10176649,0.1,0.026502,376.9675
MSFT,2023-11-27,376.78,380.64,376.2,378.61,22179228,1.83,0.48569,378.0575
MSFT,2023-11-28,378.35,383.0,378.16,382.7,20453112,4.35,1.15,380.5525
MSFT,2023-11-29,383.76,384.3,377.44,378.85,28963400,-4.91,-1.28,381.0875
MSFT,2023-11-30,378.49,380.09,375.47,378.91,30554415,0.42,0.11097,378.24
MSFT,2023-12-01,376.76,378.16,371.31,374.51,33040500,-2.25,-0.5972,375.185
MSFT,2023-12-04,369.1,369.52,362.9,369.14,32063305,0.04,0.01083717,367.665
MSFT,2023-12-05,366.45,373.08,365.62,372.52,23065035,6.07,1.66,369.4175
MSFT,2023-12-06,373.54,374.18,368.03,368.8,21182100,-4.74,-1.27,371.1375
MSFT,2023-12-07,368.23,371.45,366.32,370.95,23118900,2.72,0.73867,369.2375
MSFT,2023-12-08,369.2,374.46,368.23,374.23,20154400,5.03,1.36,371.53
MSFT,2023-12-11,368.48,371.6,366.1,371.3,27708800,2.82,0.76531,369.37
MSFT,2023-12-12,370.85,374.42,370.46,374.38,24838300,3.53,0.95187,372.5275
MSFT,2023-12-13,376.02,377.64,370.77,374.37,30955531,-1.65,-0.43881,374.7
MSFT,2023-12-14,373.31,373.76,364.13,365.93,43277500,-7.38,-1.98,369.2825
MSFT,2023-12-15,366.85,372.4,366.28,370.73,78502324,3.88,1.06,369.065
MSFT,2023-12-18,369.45,373.0,368.68,372.65,21802900,3.2,0.86615,370.945
MSFT,2023-12-19,371.49,373.26,369.84,373.26,20603700,1.77,0.47646,371.9625
MSFT,2023-12-20,375.0,376.03,370.53,370.62,26316700,-4.38,-1.17,373.045
MSFT,2023-12-21,372.56,374.41,370.04,373.54,17708006,0.98,0.26304,372.6375
MSFT,2023-12-22,373.68,375.18,372.71,374.58,17107500,0.9,0.24085,374.0375
MSFT,2023-12-26,375.0,376.94,373.5,374.66,12673100,-0.34,-0.09066667,375.025
MSFT,2023-12-27,373.69,375.06,372.81,374.07,14905412,0.38,0.10169,373.9075
MSFT,2023-12-28,375.37,376.46,374.16,375.28,14327013,-0.09,-0.02397634,375.3175
MSFT,2023-12-29,376.0,377.16,373.48,376.04,18730838,0.04,0.0106383,375.67
MSFT,2024-01-02,373.86,375.9,366.77,370.87,25258633,-2.99,-0.79976,371.85
MSFT,2024-01-03,369.01,373.26,368.51,370.6,23083500,1.59,0.43088,370.345
MSFT,2024-01-04,370.67,373.1,367.17,367.94,20901502,-2.73,-0.7365,369.72
MSFT,2024-01-05,368.97,372.06,366.5,367.75,21004600,-1.22,-0.33065,368.82
MSFT,2024-01-08,369.3,375.2,369.01,374.69,23134000,5.39,1.46,372.05
MSFT,2024-01-09,372.01,375.99,371.19,375.79,20830000,3.78,1.02,373.745
MSFT,2024-01-10,376.37,384.17,376.32,382.77,25514245,6.4,1.7,379.9075
MSFT,2024-01-11,386.0,390.68,380.38,384.63,27850846,-1.37,-0.35492,385.4225
MSFT,2024-01-12,385.49,388.68,384.65,388.47,21661200,2.98,0.77304,386.8225
MSFT,2024-01-16,393.66,394.03,387.62,390.27,27202300,-3.39,-0.86115,391.395
MSFT,2024-01-17,387.98,390.11,384.81,389.47,22234108,1.49,0.38404,388.0925
MSFT,2024-01-18,391.72,393.99,390.12,393.87,23392100,2.15,0.54886,392.425
MSFT,2024-01-19,395.76,398.67,393.5,398.67,29331136,2.91,0.73529,396.65
MSFT,2024-01-22,400.02,400.62,393.59,396.51,27016902,-3.51,-0.87746,397.685
MSFT,2024-01-23,395.75,399.38,393.93,398.9,20525900,3.15,0.79596,396.99
MSFT,2024-01-24,401.54,405.63,400.45,402.56,24867000,1.02,0.25402,402.545
MSFT,2024-01-25,404.32,407.01,402.53,404.87,21021200,0.55,0.13603,404.6825
MSFT,2024-01-26,404.37,406.17,402.43,403.93,17803300,-0.44,-0.10881,404.225
MSFT,2024-01-29,406.06,409.98,404.33,409.72,24510236,3.66,0.90134,407.5225
MSFT,2024-01-30,412.26,413.05,406.45,408.59,33477610,-3.67,-0.89021,410.0875
MSFT,2024-01-31,406.96,415.32,397.21,397.58,47871100,-9.38,-2.3,404.2675
MSFT,2024-02-01,401.83,408.0,401.8,403.78,30657726,1.95,0.48528,403.8525
MSFT,2024-02-02,403.81,412.65,403.56,411.22,28256700,7.41,1.84,407.81
MSFT,2024-02-05,409.9,411.16,403.99,405.65,25352300,-4.25,-1.04,407.675
MSFT,2024-02-06,405.88,407.97,402.91,405.49,18382624,-0.39,-0.09608751,405.5625
MSFT,2024-02-07,407.44,414.3,407.4,414.05,22340526,6.61,1.62,410.7975
MSFT,2024-02-08,414.05,415.56,412.53,414.11,21225300,0.06,0.014491,414.0625
MSFT,2024-02-09,415.25,420.82,415.09,420.55,22032844,5.3,1.28,417.9275
MSFT,2024-02-12,420.56,420.74,414.75,415.26,21202921,-5.3,-1.26,417.8275
MSFT,2024-02-13,404.94,410.07,403.39,406.32,27824936,1.38,0.34079,406.18
MSFT,2024-02-14,408.07,409.84,404.57,409.49,20401200,1.42,0.34798,407.9925
MSFT,2024-02-15,408.14,409.13,404.29,406.56,21825525,-1.58,-0.38712,407.03
MSFT,2024-02-16,407.96,408.29,403.44,404.06,22296500,-3.9,-0.95598,405.9375
MSFT,2024-02-20,403.24,404.49,398.01,402.79,24307915,-0.45,-0.1116,402.1325
MSFT,2024-02-21,400.17,402.29,397.22,402.18,18631072,2.01,0.50229,400.465
MSFT,2024-02-22,410.19,412.83,408.57,411.65,27009900,1.46,0.35593,410.81
MSFT,2024-02-23,415.67,415.86,408.97,410.34,16295900,-5.33,-1.28,412.71
MSFT,2024-02-26,411.46,412.16,407.36,407.54,16193505,-3.91,-0.95271,409.63
MSFT,2024-02-27,407.99,408.32,403.85,407.48,14835827,-0.51,-0.125,406.91
MSFT,2024-02-28,408.18,409.3,405.32,407.72,13183125,-0.455,-0.1127,407.63
MSFT,2024-02-29,408.64,414.2,405.92,413.64,31947300,5.0,1.22,410.6
MSFT,2024-03-01,411.27,415.87,410.88,415.5,17823445,4.23,1.03,413.38
MSFT,2024-03-04,413.44,417.35,412.32,414.92,17596000,1.48,0.35797,414.5075
MSFT,2024-03-05,413.96,414.25,400.64,402.65,26919200,-11.31,-2.73,407.875
MSFT,2024-03-06,402.97,405.16,398.39,402.09,22344149,-0.88,-0.21838,402.1525
MSFT,2024-03-07,406.12,409.78,402.24,409.14,18718500,3.02,0.74362,406.82
MSFT,2024-03-08,407.96,410.42,404.33,406.22,18002200,-1.74,-0.42651,407.2325
MSFT,2024-03-11,403.76,405.68,401.26,404.52,16120800,0.758,0.18823,403.805
MSFT,2024-03-12,407.62,415.57,406.79,415.28,22457003,7.66,1.88,411.315
MSFT,2024-03-13,418.1,418.18,411.45,415.1,17115931,-3.0,-0.71753,415.7075
MSFT,2024-03-14,420.24,427.82,417.99,425.22,34157300,4.98,1.19,422.8175
MSFT,2024-03-15,419.29,422.6,412.79,416.42,45079903,-2.87,-0.68449,417.775
MSFT,2024-03-18,414.25,420.73,413.78,417.32,20106000,3.07,0.7411,416.52
MSFT,2024-03-19,417.83,421.67,415.55,421.41,19837915,3.58,0.85681,419.115
MSFT,2024-03-20,422.0,425.96,420.66,425.23,17860100,3.23,0.7654,423.4625
MSFT,2024-03-21,429.83,430.82,427.16,429.37,21296222,-0.46,-0.10702,429.295
MSFT,2024-03-22,429.7,429.86,426.07,428.74,17648500,-0.96,-0.22341,428.5925
MSFT,2024-03-25,425.24,427.41,421.61,422.86,18060500,-2.38,-0.55968,424.28
MSFT,2024-03-26,425.61,425.99,421.35,421.65,16725647,-3.96,-0.93043,423.65
MSFT,2024-03-27,424.44,424.45,419.01,421.43,16705000,-3.01,-0.70917,422.3325
MSFT,2024-03-28,420.96,421.87,419.12,420.72,21871200,-0.24,-0.05701254,420.6675
MSFT,2024-04-01,423.95,427.89,422.22,424.57,16316000,0.62,0.14624,424.6575
MSFT,2024-04-02,420.11,422.38,417.84,421.44,17912000,1.33,0.31658,420.4425
MSFT,2024-04-03,419.73,423.26,419.09,420.45,16502300,0.72,0.17154,420.6325
MSFT,2024-04-04,424.99,428.67,417.57,417.88,19370900,-7.11,-1.67,422.2775
MSFT,2024-04-05,420.01,426.51,418.32,425.52,16554800,5.51,1.31,422.59
MSFT,2024-04-08,425.17,427.28,423.3,424.59,14272400,-0.58,-0.13642,425.085
MSFT,2024-04-09,426.44,427.74,421.62,426.28,12512289,-0.16,-0.03751993,425.52
MSFT,2024-04-10,422.19,424.03,419.7,423.26,16216600,1.07,0.25344,422.295
MSFT,2024-04-11,425.82,429.37,422.36,427.93,17966423,2.11,0.49551,426.37
MSFT,2024-04-12,424.05,425.18,419.77,421.9,19253800,-2.15,-0.50702,422.725
MSFT,2024-04-15,426.6,426.82,413.43,413.64,20273538,-12.96,-3.04,420.1225
MSFT,2024-04-16,414.57,418.4,413.73,414.58,16765616,0.01,0.00241214,415.32
MSFT,2024-04-17,417.25,418.88,410.33,411.84,15855500,-5.41,-1.3,414.575
MSFT,2024-04-18,410.63,411.89,403.95,404.27,21029917,-6.36,-1.55,407.685
MSFT,2024-04-19,404.03,405.48,397.77,399.12,30565800,-4.91,-1.22,401.6
MSFT,2024-04-22,400.08,402.85,395.75,400.96,20286900,0.88,0.21996,399.91
MSFT,2024-04-23,404.24,408.2,403.06,407.57,15734501,3.33,0.82377,405.7675
MSFT,2024-04-24,409.56,412.47,406.78,409.06,15065330,-0.5,-0.12208,409.4675
MSFT,2024-04-25,394.03,399.89,388.03,399.04,40586500,5.01,1.27,395.2475
MSFT,2024-04-26,412.17,413.0,405.76,406.32,29694700,-5.85,-1.42,409.3125
MSFT,2024-04-29,405.25,406.32,399.19,402.25,19582100,-3.0,-0.74028,403.2525
MSFT,2024-04-30,401.49,402.16,389.17,389.33,28781400,-12.16,-3.03,395.5375
MSFT,2024-05-01,392.61,401.72,390.31,394.94,23562500,2.33,0.59346,394.895
MSFT,2024-05-02,397.66,399.93,394.65,397.84,17709400,0.18,0.0452648,397.52
MSFT,2024-05-03,402.28,407.15,401.86,406.66,17446724,4.38,1.09,404.4875
MSFT,2024-05-06,408.76,413.93,406.37,413.54,16996639,4.78,1.17,410.65
MSFT,2024-05-07,414.66,414.67,409.09,409.34,20018228,-5.32,-1.28,411.94
MSFT,2024-05-08,408.17,412.23,406.71,410.54,11792308,2.37,0.58064,409.4125
MSFT,2024-05-09,410.57,412.72,409.1,412.32,14689727,1.75,0.42624,411.1775
MSFT,2024-05-10,412.94,415.38,411.8,414.74,13402300,1.81,0.4359,413.715
MSFT,2024-05-13,418.01,418.35,410.82,413.72,15440226,-4.29,-1.03,415.225
MSFT,2024-05-14,412.02,417.49,411.55,416.56,15109306,4.54,1.1,414.405
MSFT,2024-05-15,417.9,423.81,417.27,423.08,22239533,5.18,1.24,420.515
MSFT,2024-05-16,421.8,425.42,420.35,420.99,17530100,-0.81,-0.19203,422.14
MSFT,2024-05-17,422.54,422.92,418.03,420.21,15352239,-2.33,-0.55143,420.925
MSFT,2024-05-20,420.21,426.77,419.99,425.34,16272137,5.13,1.22,423.0775
MSFT,2024-05-21,426.83,432.97,424.85,429.04,21453300,2.22,0.51777,428.4225
MSFT,2024-05-22,430.09,432.41,427.13,430.52,18073700,0.43,0.09997907,430.0375
MSFT,2024-05-23,432.97,433.6,425.42,427.0,17211700,-5.97,-1.38,429.7475
MSFT,2024-05-24,427.19,431.06,424.41,430.16,11855300,2.97,0.69524,428.205
MSFT,2024-05-28,429.63,430.82,426.6,430.32,15718024,0.69,0.1606,429.3425
MSFT,2024-05-29,425.69,430.94,425.69,429.17,15517130,3.48,0.8175,427.8725
MSFT,2024-05-30,424.3,424.3,414.24,414.67,28424847,-9.63,-2.27,419.3775
MSFT,2024-05-31,416.75,416.75,404.51,415.13,47995300,-1.62,-0.38872,413.285
MSFT,2024-06-03,415.53,416.43,408.92,413.52,17484700,-2.0,-0.48372,413.6
MSFT,2024-06-04,412.43,416.44,409.68,416.07,14348917,3.64,0.88257,413.655
MSFT,2024-06-05,417.81,424.08,416.3,424.01,16988038,6.2,1.48,420.55
MSFT,2024-06-06,424.01,425.31,420.58,424.52,14861300,0.51,0.12028,423.605
MSFT,2024-06-07,426.2,426.28,423.0,423.85,13621700,-2.35,-0.55138,424.8325
MSFT,2024-06-10,424.7,428.08,423.89,427.87,14003034,3.17,0.74641,426.135
MSFT,2024-06-11,425.48,432.82,425.25,432.68,14551101,7.2,1.69,429.0575
MSFT,2024-06-12,435.32,443.4,433.25,441.06,22366233,5.74,1.32,438.2575
MSFT,2024-06-13,440.85,443.39,439.37,441.58,15960600,0.73,0.16559,441.2975
MSFT,2024-06-14,438.28,443.14,436.72,442.57,13582000,4.3,0.97883,440.1775
MSFT,2024-06-17,442.59,450.94,440.72,448.37,20790030,5.79,1.31,445.655
MSFT,2024-06-18,449.71,450.14,444.89,446.34,17112504,-3.37,-0.74937,447.77
MSFT,2024-06-20,446.3,446.53,441.27,445.7,19877400,-0.6,-0.13444,444.95
MSFT,2024-06-21,447.38,450.58,446.51,449.78,34486172,2.4,0.53646,448.5625
MSFT,2024-06-24,449.8,452.75,446.41,447.67,15913719,-2.13,-0.47354,449.1575
MSFT,2024-06-25,448.25,451.42,446.75,450.95,16747529,2.7,0.60234,449.3425
MSFT,2024-06-26,449.0,453.6,448.19,452.16,16507030,3.16,0.70379,450.7375
MSFT,2024-06-27,452.18,456.17,451.77,452.85,14806324,0.675,0.14817,453.2425
MSFT,2024-06-28,453.07,455.38,446.41,446.95,28362300,-6.12,-1.35,450.4525
MSFT,2024-07-01,448.66,457.37,445.66,456.73,17662818,8.07,1.8,452.105
MSFT,2024-07-02,453.2,459.59,453.11,459.28,13979800,6.08,1.34,456.295
MSFT,2024-07-03,458.19,461.02,457.88,460.77,9932830,2.58,0.56309,459.465
MSFT,2024-07-05,459.61,468.35,458.97,467.56,16000300,7.95,1.73,463.6225
MSFT,2024-07-08,466.55,467.7,464.46,466.24,12962321,-0.31,-0.06644518,466.2375
MSFT,2024-07-09,467.0,467.33,458.0,459.54,17228507,-7.46,-1.6,462.9675
MSFT,2024-07-10,461.22,466.46,458.86,466.25,18196100,5.03,1.09,463.1975
MSFT,2024-07-11,462.98,464.78,451.55,454.7,23111200,-8.28,-1.79,458.5025
MSFT,2024-07-12,454.33,456.36,450.65,453.55,16324300,-0.775,-0.17168,453.7225
MSFT,2024-07-15,453.3,457.26,451.43,453.96,14429447,0.66,0.1456,453.9875
MSFT,2024-07-16,454.22,454.3,446.66,449.52,17175700,-4.7,-1.03,451.175
MSFT,2024-07-17,442.59,444.85,439.18,443.52,21778000,0.93,0.21013,442.535
MSFT,2024-07-18,444.34,444.65,434.4,440.37,20794822,-3.97,-0.89346,440.94
MSFT,2024-07-19,433.1,441.14,432.0,437.11,20940417,4.01,0.92588,435.8375
MSFT,2024-07-22,441.79,444.6,438.91,442.94,15808800,1.15,0.2603,442.06
MSFT,2024-07-23,443.9,448.39,443.1,444.85,13107100,0.955,0.21401,445.06
MSFT,2024-07-24,440.45,441.48,427.59,428.9,26805800,-11.55,-2.62,434.605
MSFT,2024-07-25,428.8,429.8,417.51,418.4,29943800,-10.4,-2.43,423.6275
MSFT,2024-07-26,418.2,428.92,417.27,425.27,23583839,7.07,1.69,422.415
MSFT,2024-07-29,431.58,432.15,424.7,426.73,15125836,-4.85,-1.12,428.79
MSFT,2024-07-30,427.72,429.05,417.36,422.92,32687600,-4.8,-1.12,424.2625
MSFT,2024-07-31,420.5,421.78,412.21,418.35,42891400,-2.14,-0.5113,418.21
MSFT,2024-08-01,420.79,427.46,413.09,417.11,30296400,-3.68,-0.87455,419.6125
MSFT,2024-08-02,412.49,415.0,404.34,408.49,29437900,-4.0,-0.96972,410.08
MSFT,2024-08-05,389.17,401.04,385.58,395.15,40709238,5.98,1.54,392.735
MSFT,2024-08-06,400.0,405.67,398.5,399.61,24946525,-0.39,-0.0975,400.945
MSFT,2024-08-07,408.64,410.08,397.47,398.43,20650906,-10.2,-2.5,403.655
MSFT,2024-08-08,402.44,405.86,399.94,402.69,20203030,0.25,0.06212106,402.7325
MSFT,2024-08-09,404.03,408.05,402.26,406.02,19276700,1.99,0.49254,405.09
MSFT,2024-08-12,407.06,408.76,404.24,406.81,16762900,-0.25,-0.06141601,406.7175
MSFT,2024-08-13,409.59,414.95,409.57,414.01,19414300,4.42,1.08,412.03
MSFT,2024-08-14,414.8,417.72,412.45,416.86,18267000,2.06,0.49662,415.4575
MSFT,2024-08-15,419.8,421.11,417.66,421.03,20752144,1.23,0.293,419.9
MSFT,2024-08-16,420.6,421.34,417.3,418.47,22775600,-2.13,-0.50642,419.4275
MSFT,2024-08-19,418.96,421.75,416.46,421.53,15234000,2.57,0.61342,419.675
MSFT,2024-08-20,421.7,425.86,421.64,424.8,16387600,3.1,0.73512,423.5
MSFT,2024-08-21,424.08,426.4,421.72,424.14,16067300,0.065,0.01414827,424.085
MSFT,2024-08-22,424.36,426.79,414.61,415.55,19361901,-8.81,-2.08,420.3275
MSFT,2024-08-23,416.98,419.26,412.09,416.79,18493800,-0.19,-0.04556573,416.28
MSFT,2024-08-26,416.37,417.28,411.34,413.49,13152830,-2.87,-0.69169,414.62
MSFT,2024-08-27,412.86,414.36,410.25,413.84,13492911,0.98,0.23737,412.8275
MSFT,2024-08-28,414.88,415.0,407.31,410.6,14882700,-4.28,-1.03,411.9475
MSFT,2024-08-29,414.94,422.05,410.6,413.12,17045241,-1.82,-0.43862,415.1775
MSFT,2024-08-30,415.6,417.49,412.13,417.14,24308324,1.54,0.37055,415.59
MSFT,2024-09-03,417.91,419.88,407.03,409.44,20313603,-8.47,-2.03,413.565
MSFT,2024-09-04,405.91,411.24,404.37,408.9,15135806,2.99,0.73662,407.605
MSFT,2024-09-05,407.62,413.1,406.13,408.39,14195516,0.77,0.1889,408.81
MSFT,2024-09-06,409.06,410.65,400.8,401.7,19609526,-7.36,-1.8,405.5525
MSFT,2024-09-09,407.24,408.65,402.15,405.72,15295134,-1.52,-0.37324,405.94
MSFT,2024-09-10,408.2,416.33,407.7,414.2,19594300,6.0,1.47,411.6075
MSFT,2024-09-11,415.5,423.99,409.58,423.04,19266923,7.54,1.81,418.0275
MSFT,2024-09-12,423.31,427.37,419.75,427.0,17418759,3.69,0.8717,424.3575
MSFT,2024-09-13,425.83,431.83,425.46,430.59,15874600,4.76,1.12,428.4275
MSFT,2024-09-16,430.6,433.53,428.22,431.34,13834700,0.74,0.17185,430.9225
MSFT,2024-09-17,440.23,441.85,432.27,435.15,18874231,-5.08,-1.15,437.375
MSFT,2024-09-18,435.0,436.03,430.41,430.81,18898042,-4.19,-0.96322,433.0625
MSFT,2024-09-19,441.23,441.5,436.9,438.69,21706600,-2.54,-0.57566,439.58
MSFT,2024-09-20,437.22,439.24,434.22,435.27,55167106,-1.95,-0.446,436.4875
MSFT,2024-09-23,434.28,436.46,430.39,433.51,15128900,-0.77,-0.1773,433.66
MSFT,2024-09-24,433.0,433.35,426.1,429.17,17015800,-3.83,-0.88453,430.405
MSFT,2024-09-25,429.83,433.12,428.57,432.11,13396400,2.28,0.53044,430.9075
MSFT,2024-09-26,435.09,435.3,429.13,431.31,14492044,-3.77,-0.86879,432.7075
MSFT,2024-09-27,431.52,431.85,427.47,428.02,14896131,-3.5,-0.81109,429.715
MSFT,2024-09-30,428.21,430.42,425.37,430.3,16854606,2.09,0.48808,428.575
MSFT,2024-10-01,428.45,428.48,418.81,420.69,19092945,-7.76,-1.81,424.1075
MSFT,2024-10-02,422.58,422.82,416.71,417.13,16582300,-5.45,-1.29,419.81
MSFT,2024-10-03,417.63,419.55,414.29,416.54,13686421,-1.09,-0.261,417.0025
MSFT,2024-10-04,418.24,419.75,414.97,416.06,19190913,-2.18,-0.52123,417.255
MSFT,2024-10-07,416.0,417.11,409.0,409.54,20919800,-6.46,-1.55,412.9125
MSFT,2024-10-08,410.9,415.66,408.17,414.71,19229300,3.81,0.92723,412.36
MSFT,2024-10-09,415.86,420.38,414.3,417.46,14974300,1.6,0.38474,417.0
MSFT,2024-10-10,415.23,417.35,413.15,415.84,13848400,0.615,0.14691,415.3925
MSFT,2024-10-11,416.14,417.13,413.25,416.32,14144944,0.185,0.04325467,415.71
MSFT,2024-10-14,417.77,424.04,417.52,419.14,16653100,1.37,0.32793,419.6175
MSFT,2024-10-15,422.18,422.48,415.26,418.74,18900201,-3.44,-0.81482,419.665
MSFT,2024-10-16,415.17,416.36,410.48,416.12,15508932,0.95,0.22882,414.5325
MSFT,2024-10-17,422.36,422.5,415.59,416.72,14820004,-5.64,-1.34,419.2925
MSFT,2024-10-18,417.14,419.65,416.26,418.16,17145317,1.02,0.24452,417.8025
MSFT,2024-10-21,416.12,418.96,413.75,418.78,14206115,2.66,0.63924,416.9025
MSFT,2024-10-22,418.49,430.58,418.04,427.51,25482200,9.02,2.16,423.655
MSFT,2024-10-23,430.86,431.08,422.53,424.6,19654400,-6.25,-1.45,427.2675
MSFT,2024-10-24,425.33,425.98,422.4,424.73,13581631,-0.595,-0.14107,424.61
MSFT,2024-10-25,426.76,432.52,426.57,428.15,16899100,1.39,0.32571,428.5
MSFT,2024-10-28,431.66,431.94,426.3,426.59,14882444,-5.06,-1.17,429.1225
MSFT,2024-10-29,428.0,433.17,425.8,431.95,17644100,3.95,0.9229,429.73
MSFT,2024-10-30,437.44,438.5,432.1,432.53,29749149,-4.91,-1.12,435.1425
MSFT,2024-10-31,415.36,416.16,406.3,406.35,53971000,-9.01,-2.17,411.0425
MSFT,2024-11-01,409.01,415.5,407.5,410.37,24230442,1.36,0.33251,410.595
MSFT,2024-11-04,409.8,410.42,405.57,408.46,19672300,-1.34,-0.32699,408.5625
MSFT,2024-11-05,408.37,414.9,408.08,411.46,17626011,3.09,0.75667,410.7025
MSFT,2024-11-06,412.42,420.45,410.52,420.18,26681842,7.76,1.88,415.8925
MSFT,2024-11-07,421.28,426.85,419.88,425.43,19901800,4.15,0.98509,423.36
MSFT,2024-11-08,425.32,426.5,421.78,422.54,16891414,-2.78,-0.65363,424.035
MSFT,2024-11-11,422.52,424.81,416.0,418.01,24503321,-4.5,-1.07,420.335
MSFT,2024-11-12,418.25,424.44,417.2,423.03,19401204,4.78,1.14,420.73
MSFT,2024-11-13,421.64,429.33,418.21,425.2,21502200,3.56,0.84432,423.595
MSFT,2024-11-14,425.0,428.17,420.0,426.89,30246900,1.89,0.44471,425.015
MSFT,2024-11-15,419.82,422.8,413.64,415.0,28247644,-4.82,-1.15,417.815
MSFT,2024-11-18,414.87,418.4,412.1,415.76,24742013,0.89,0.21453,415.2825
MSFT,2024-11-19,413.11,417.94,411.55,417.79,18133529,4.68,1.13,415.0975
MSFT,2024-11-20,416.87,417.29,410.58,415.49,19191700,-1.38,-0.33104,415.0575
MSFT,2024-11-21,419.5,419.78,410.29,412.87,20780200,-6.63,-1.58,415.61
MSFT,2024-11-22,411.37,417.4,411.06,417.0,24814626,5.63,1.37,414.2075
MSFT,2024-11-25,418.38,421.08,414.85,418.79,27691100,0.41,0.09799704,418.275
MSFT,2024-11-26,419.59,429.04,418.85,427.99,23458900,8.41,2.0,423.8675
MSFT,2024-11-27,425.11,427.23,422.02,422.99,18332444,-2.12,-0.49869,424.3375
MSFT,2024-11-29,420.09,424.88,417.8,423.46,16271921,3.37,0.80221,421.5575
MSFT,2024-12-02,421.57,433.0,421.31,430.98,20207223,9.41,2.23,426.715
MSFT,2024-12-03,429.84,432.47,427.74,431.2,18302000,1.36,0.3164,430.3125
MSFT,2024-12-04,433.03,439.67,432.63,437.42,26009429,4.39,1.01,435.6875
MSFT,2024-12-05,437.92,444.66,436.17,442.62,21697800,4.7,1.07,440.3425
MSFT,2024-12-06,442.3,446.1,441.77,443.57,18821002,1.27,0.28714,443.435
MSFT,2024-12-09,442.6,448.33,440.5,446.02,19144400,3.42,0.77271,444.3625
MSFT,2024-12-10,444.39,449.62,441.6,443.33,18469500,-1.06,-0.23853,444.735
MSFT,2024-12-11,444.05,450.35,444.05,448.99,19200208,4.94,1.11,446.86
MSFT,2024-12-12,449.11,456.16,449.11,449.56,20834800,0.45,0.1002,450.985
MSFT,2024-12-13,448.44,451.43,445.58,447.27,20177833,-1.17,-0.2609,448.18
MSFT,2024-12-16,447.27,452.18,445.28,451.59,23598834,4.32,0.96586,449.08
MSFT,2024-12-17,451.01,455.29,449.57,454.46,22733500,3.45,0.76495,452.5825
MSFT,2024-12-18,451.32,452.65,437.02,437.39,24444545,-13.93,-3.09,444.595
MSFT,2024-12-19,441.62,443.18,436.32,437.03,22963700,-4.59,-1.04,439.5375
MSFT,2024-12-20,433.11,443.74,428.63,436.6,64263700,3.49,0.8058,435.52
MSFT,2024-12-23,436.74,437.65,432.83,435.25,19152519,-1.49,-0.34116,435.6175
MSFT,2024-12-24,434.65,439.6,434.19,439.33,7164543,4.68,1.08,436.9425
MSFT,2024-12-26,439.08,440.94,436.63,438.11,8199927,-0.97,-0.22092,438.69
MSFT,2024-12-27,434.6,435.22,426.35,430.53,18117713,-4.07,-0.93649,431.675
MSFT,2024-12-30,426.06,427.55,421.9,424.83,13158703,-1.23,-0.28869,425.085
MSFT,2024-12-31,426.1,426.73,420.66,421.5,13246509,-4.6,-1.08,423.7475
MSFT,2025-01-02,425.53,426.07,414.85,418.58,16896500,-6.95,-1.63,421.2575
MSFT,2025-01-03,421.08,424.03,419.54,423.35,16662943,2.27,0.53909,422.0
MSFT,2025-01-06,428.0,434.32,425.48,427.85,20573648,-0.15,-0.03504673,428.9125
MSFT,2025-01-07,429.0,430.65,420.8,422.37,18139100,-6.63,-1.55,425.705
MSFT,2025-01-08,423.46,426.97,421.54,424.56,15054600,1.1,0.25976,424.1325
MSFT,2025-01-10,424.63,424.71,415.02,418.95,20201132,-5.68,-1.34,420.8275
MSFT,2025-01-13,415.24,418.5,412.29,417.19,17604800,1.95,0.46961,415.805
MSFT,2025-01-14,417.81,419.74,410.72,415.67,16935900,-2.14,-0.51219,415.985
MSFT,2025-01-15,419.13,428.15,418.27,426.31,19637838,7.18,1.71,422.965
MSFT,2025-01-16,428.7,429.49,424.39,424.58,15300023,-4.12,-0.96105,426.79
MSFT,2025-01-17,434.09,434.48,428.17,429.03,26197507,-5.06,-1.17,431.4425
MSFT,2025-01-21,430.2,430.9,425.6,428.5,26085703,-1.7,-0.39517,428.8
MSFT,2025-01-22,437.56,447.27,436.0,446.2,27803811,8.64,1.97,441.7575
MSFT,2025-01-23,442.0,446.75,441.5,446.71,18389300,4.71,1.07,444.24
MSFT,2025-01-24,445.16,446.65,441.4,444.06,15549500,-1.1,-0.2471,444.3175
MSFT,2025-01-27,424.01,435.2,423.5,434.56,35647805,10.55,2.49,429.3175
MSFT,2025-01-28,434.6,448.38,431.38,447.2,23491703,12.6,2.9,440.39
MSFT,2025-01-29,446.69,446.88,440.4,442.33,23581400,-4.36,-0.97607,444.075
MSFT,2025-01-30,418.77,422.86,413.16,414.99,54586300,-3.78,-0.90264,417.445
MSFT,2025-01-31,418.98,420.69,414.91,415.06,34223388,-3.92,-0.93561,417.41
MSFT,2025-02-03,411.6,415.41,408.66,410.92,25679149,-0.68,-0.16521,411.6475
MSFT,2025-02-04,412.69,413.92,409.74,412.37,20532100,-0.315,-0.07754004,412.18
MSFT,2025-02-05,412.35,413.83,410.4,413.29,16336188,0.94,0.22796,412.4675
MSFT,2025-02-06,414.0,418.2,414.0,415.82,16309800,1.82,0.43961,415.505
MSFT,2025-02-07,416.48,418.65,408.1,409.75,22886844,-6.73,-1.62,413.245
MSFT,2025-02-10,413.71,415.46,410.92,412.22,20817919,-1.49,-0.36016,413.0775
MSFT,2025-02-11,409.64,412.49,409.3,411.44,18140600,1.8,0.43941,410.7175
MSFT,2025-02-12,407.21,410.75,404.37,409.04,19121734,1.83,0.4494,407.8425
MSFT,2025-02-13,407.0,411.0,406.36,410.54,23891731,3.54,0.86978,408.725
MSFT,2025-02-14,407.79,408.91,405.88,408.43,22758500,0.64,0.15694,407.7525
MSFT,2025-02-18,408.0,410.6,406.5,409.64,21423100,1.64,0.40196,408.685
MSFT,2025-02-19,407.88,415.49,407.65,414.77,24114200,6.89,1.69,411.4475
MSFT,2025-02-20,415.29,419.31,412.54,416.13,23508728,0.84,0.20227,415.8175
MSFT,2025-02-21,417.34,418.05,407.89,408.21,27524800,-9.12,-2.19,412.8725
MSFT,2025-02-24,408.51,409.37,399.32,404.0,26443700,-4.51,-1.1,405.3
MSFT,2025-02-25,401.1,401.92,396.7,397.9,29387402,-3.2,-0.79781,399.405
MSFT,2025-02-26,398.01,403.6,394.25,399.73,19619000,1.72,0.43215,398.8975
MSFT,2025-02-27,401.27,405.74,392.17,392.53,21127406,-8.74,-2.18,397.9275
MSFT,2025-02-28,392.66,397.63,386.57,396.99,32845700,4.34,1.1,393.4625
MSFT,2025-03-03,398.82,398.82,386.16,388.49,23007726,-10.33,-2.59,393.0725
MSFT,2025-03-04,383.4,392.58,381.0,388.61,29342923,5.21,1.36,386.3975
MSFT,2025-03-05,389.34,401.67,388.81,401.02,23433132,11.68,3.0,395.21
MSFT,2025-03-06,394.28,402.15,392.68,396.89,23304625,2.61,0.66197,396.5
MSFT,2025-03-07,392.32,394.8,385.54,393.31,22034100,0.99,0.25235,391.4925
MSFT,2025-03-10,385.84,386.4,377.22,380.16,32840134,-5.68,-1.47,382.405
MSFT,2025-03-11,379.0,386.0,376.91,380.45,30380200,1.45,0.38259,380.59
MSFT,2025-03-12,382.95,385.22,378.95,383.27,24253600,0.32,0.08356182,382.5975
MSFT,2025-03-13,383.16,385.32,377.45,378.77,20473017,-4.38,-1.15,381.175
MSFT,2025-03-14,379.78,390.23,379.51,388.56,19952846,8.79,2.31,384.52
MSFT,2025-03-17,386.7,392.71,385.57,388.7,22474300,2.0,0.5172,388.42
MSFT,2025-03-18,387.07,387.37,381.1,383.52,19486900,-3.55,-0.91715,384.765
MSFT,2025-03-19,385.53,389.68,384.0,387.82,19185532,2.3,0.59399,386.7575
MSFT,2025-03-20,385.74,391.79,383.28,386.84,18470542,1.1,0.28517,386.9125
MSFT,2025-03-21,383.22,391.74,382.8,391.26,39675928,8.05,2.1,387.255
MSFT,2025-03-24,395.4,395.4,389.81,393.08,21004548,-2.32,-0.58675,393.4225
MSFT,2025-03-25,393.92,396.36,392.64,395.16,15775000,1.25,0.31478,394.52
MSFT,2025-03-26,395.0,395.31,388.57,389.97,16132906,-5.03,-1.27,392.2125
MSFT,2025-03-27,390.13,392.24,387.4,390.58,13766800,0.45,0.11535,390.0875
MSFT,2025-03-28,388.08,389.13,376.93,378.8,21632016,-9.28,-2.39,383.235
MSFT,2025-03-31,372.54,377.07,367.24,375.39,35184700,2.85,0.76502,373.06
MSFT,2025-04-01,374.65,382.85,373.23,382.19,19689503,7.54,2.01,378.23
MSFT,2025-04-02,377.97,385.08,376.62,382.14,16092600,4.18,1.1,380.4525
MSFT,2025-04-03,374.79,377.48,369.35,373.11,30198000,-1.68,-0.44825,373.6825
MSFT,2025-04-04,364.13,374.59,359.48,359.84,49209900,-4.29,-1.18,364.51
MSFT,2025-04-07,350.88,371.0,344.79,357.86,50425000,6.98,1.99,356.1325
MSFT,2025-04-08,368.26,373.65,350.25,354.56,35868918,-13.69,-3.72,361.68
MSFT,2025-04-09,353.54,393.23,353.1,390.49,50199700,36.95,10.45,372.59
MSFT,2025-04-10,382.06,383.9,367.8,381.35,38024400,-0.71,-0.18583,378.7775
MSFT,2025-04-11,380.64,390.05,378.89,388.45,23839220,7.81,2.05,384.5075
MSFT,2025-04-14,393.22,394.65,384.21,387.81,19251200,-5.41,-1.38,389.9725
MSFT,2025-04-15,388.51,391.89,384.16,385.73,17199900,-2.77,-0.71555,387.5725
MSFT,2025-04-16,380.67,381.61,368.0,371.61,21967826,-9.06,-2.38,375.4725
MSFT,2025-04-17,373.75,374.32,366.89,367.78,21120200,-5.97,-1.6,370.685
MSFT,2025-04-21,362.82,364.48,355.67,359.12,20807300,-3.69,-1.02,360.5225
MSFT,2025-04-22,363.38,367.77,359.86,366.82,19485000,3.44,0.94667,364.4575
MSFT,2025-04-23,376.06,380.39,373.02,374.39,20545526,-1.67,-0.44408,375.965
MSFT,2025-04-24,375.7,388.45,375.19,387.3,22232300,11.61,3.09,381.66
MSFT,2025-04-25,387.0,392.16,384.6,391.85,18973200,4.85,1.25,388.9025
MSFT,2025-04-28,391.96,392.74,386.64,391.16,16579430,-0.795,-0.2041,390.625
MSFT,2025-04-29,391.3,395.1,390.38,394.04,14974000,2.74,0.70023,392.705
MSFT,2025-04-30,390.3,396.66,384.44,395.26,36461100,4.96,1.27,391.665
MSFT,2025-05-01,431.11,436.99,424.9,425.4,58938100,-5.71,-1.32,429.6
MSFT,2025-05-02,431.74,439.44,429.99,435.28,30757434,3.54,0.81994,434.1125
MSFT,2025-05-05,432.87,439.5,432.11,436.17,20136100,3.3,0.76235,435.1625
MSFT,2025-05-06,432.2,437.73,431.17,433.31,15104204,1.11,0.25683,433.6025
MSFT,2025-05-07,433.84,438.12,431.11,433.35,23307241,-0.49,-0.11294,434.105
MSFT,2025-05-08,437.93,443.67,435.66,438.17,23491330,0.24,0.05480328,438.8575
MSFT,2025-05-09,440.0,440.74,435.88,438.73,15324233,-1.27,-0.28864,438.8375
MSFT,2025-05-12,445.94,449.37,439.78,449.26,22821935,3.32,0.74449,446.0875
MSFT,2025-05-13,447.78,450.67,445.36,449.14,23618819,1.36,0.30372,448.2375
MSFT,2025-05-14,448.14,453.9,448.14,452.94,19902800,4.8,1.07,450.78
MSFT,2025-05-15,450.77,456.19,450.43,453.13,21992323,2.37,0.52355,452.63
MSFT,2025-05-16,452.05,454.36,448.73,454.27,23849800,2.22,0.4911,452.3525
MSFT,2025-05-19,450.88,459.59,450.8,458.87,21336509,8.0,1.77,455.035
MSFT,2025-05-20,455.59,458.34,454.32,458.17,15441808,2.58,0.5663,456.605
MSFT,2025-05-21,454.57,457.78,451.81,452.57,19216906,-2.0,-0.43998,454.1825
MSFT,2025-05-22,454.95,460.25,453.9,454.86,18025612,-0.09,-0.01978239,455.99
MSFT,2025-05-23,449.98,453.69,448.91,450.18,16883509,0.2,0.04444642,450.69
MSFT,2025-05-27,456.48,460.95,456.12,460.69,20974300,4.21,0.92227,458.56
MSFT,2025-05-28,461.22,462.52,456.93,457.36,17086300,-3.86,-0.83691,459.5075
MSFT,2025-05-29,461.55,461.72,455.31,458.68,13982211,-2.87,-0.62182,459.315
MSFT,2025-05-30,459.72,461.68,455.54,460.36,34770500,0.645,0.13922,459.325
MSFT,2025-06-02,457.14,462.11,456.89,461.97,16626500,4.83,1.06,459.5275
MSFT,2025-06-03,461.47,464.14,460.86,462.97,15743800,1.5,0.32505,462.36
MSFT,2025-06-04,464.0,465.69,463.02,463.87,14162700,-0.13,-0.02801724,464.145
MSFT,2025-06-05,464.96,469.65,464.03,467.68,20154460,2.73,0.585,466.58
MSFT,2025-06-06,470.09,473.34,468.78,470.38,15285624,0.295,0.06169031,470.6475
MSFT,2025-06-09,469.7,473.43,468.62,472.75,16469932,3.05,0.64935,471.125
MSFT,2025-06-10,471.19,472.8,466.96,470.92,15375944,-0.265,-0.05730173,470.4675
MSFT,2025-06-11,470.02,475.47,469.66,472.62,16399200,2.6,0.55317,471.9425
MSFT,2025-06-12,475.02,480.42,473.52,478.87,18950600,3.85,0.81049,476.9575
MSFT,2025-06-13,476.41,479.18,472.76,474.96,16814500,-1.45,-0.30436,475.8275
MSFT,2025-06-16,475.21,480.69,475.0,479.14,15626104,3.93,0.827,477.51
MSFT,2025-06-17,475.4,478.74,474.08,478.04,15414128,2.65,0.55532,476.565
MSFT,2025-06-18,478.0,481.0,474.46,480.24,17526500,2.24,0.46862,478.425
MSFT,2025-06-20,482.23,483.46,476.87,477.4,37576206,-4.83,-1.0,479.99
MSFT,2025-06-23,478.21,487.75,472.51,486.0,24864000,7.79,1.63,481.1175
MSFT,2025-06-24,488.95,491.85,486.8,490.11,22305642,1.16,0.23724,489.4275
MSFT,2025-06-25,492.04,494.56,489.39,492.27,17495100,0.23,0.04674417,492.065
MSFT,2025-06-26,492.98,498.04,492.81,497.45,21578900,4.47,0.90673,495.32
MSFT,2025-06-27,497.55,499.3,493.03,495.94,34539236,-1.61,-0.32359,496.455
MSFT,2025-06-30,497.04,500.76,495.33,497.41,28369000,0.37,0.07444069,497.635
MSFT,2025-07-01,496.47,498.05,490.98,492.05,19945400,-4.42,-0.89029,494.3875
MSFT,2025-07-02,489.99,493.5,488.7,491.09,16319641,1.1,0.22449,490.82
MSFT,2025-07-03,493.81,500.13,493.44,498.84,13984829,5.03,1.02,496.555
MSFT,2025-07-07,497.38,498.75,495.23,497.72,13981605,0.34,0.0683582,497.27
MSFT,2025-07-08,497.24,498.2,494.11,496.62,11846600,-0.62,-0.12469,496.5425
MSFT,2025-07-09,500.3,506.78,499.74,503.51,18659538,3.21,0.64162,502.5825
MSFT,2025-07-10,503.05,504.44,497.75,501.48,16498740,-1.57,-0.3121,501.68
MSFT,2025-07-11,498.47,505.03,497.8,503.32,16459512,4.85,0.97298,501.155
MSFT,2025-07-14,501.52,503.97,501.03,503.02,12058848,1.5,0.29909,502.385
MSFT,2025-07-15,503.02,508.3,502.79,505.82,14927202,2.8,0.55664,504.9825
MSFT,2025-07-16,505.18,506.72,501.89,505.62,15154400,0.44,0.08709767,504.8525
MSFT,2025-07-17,505.68,513.37,505.62,511.7,17503129,6.02,1.19,509.0925
MSFT,2025-07-18,514.48,514.64,507.43,510.05,21209700,-4.43,-0.86106,511.65
MSFT,2025-07-21,506.71,512.09,505.55,510.06,14066805,3.36,0.66113,508.6025
MSFT,2025-07-22,510.97,511.2,505.27,505.27,13868644,-5.7,-1.12,508.1775
MSFT,2025-07-23,506.75,506.79,500.7,505.87,16396600,-0.88,-0.17366,505.0275
MSFT,2025-07-24,508.77,513.67,507.3,510.88,16107000,2.11,0.41473,510.155
MSFT,2025-07-25,512.47,518.29,510.36,513.71,19125700,1.25,0.24197,513.7075
MSFT,2025-07-28,514.08,515.0,510.12,512.5,14308027,-1.58,-0.30735,512.925
MSFT,2025-07-29,515.53,517.62,511.56,512.57,16469235,-2.96,-0.57417,514.32
MSFT,2025-07-30,515.17,515.95,509.44,513.24,26380434,-1.93,-0.37463,513.45
MSFT,2025-07-31,555.23,555.45,531.9,533.5,51617326,-21.73,-3.91,544.02
MSFT,2025-08-01,535.0,535.8,520.86,524.11,28977628,-10.89,-2.04,528.9425
MSFT,2025-08-04,528.27,538.25,528.13,535.64,25349004,7.37,1.4,532.5725
MSFT,2025-08-05,537.18,537.3,527.24,527.75,19171600,-9.43,-1.76,532.3675
MSFT,2025-08-06,530.9,531.7,524.03,524.94,21355702,-5.96,-1.12,527.8925
MSFT,2025-08-07,526.8,528.09,517.55,520.84,16079144,-5.96,-1.13,523.32
MSFT,2025-08-08,522.6,524.66,519.41,522.04,15531009,-0.56,-0.10716,522.1775
MSFT,2025-08-11,522.3,527.59,519.72,521.77,20194400,-0.53,-0.10147,522.845
MSFT,2025-08-12,523.75,530.98,522.7,529.24,18688921,5.49,1.05,526.6675
MSFT,2025-08-13,532.11,532.7,519.37,520.58,19619200,-11.53,-2.17,526.19
MSFT,2025-08-14,522.56,525.95,520.14,522.48,20269100,-0.08,-0.01530925,522.7825
MSFT,2025-08-15,522.77,526.1,519.08,520.17,25213300,-2.6,-0.49735,522.03
MSFT,2025-08-18,521.59,522.82,514.02,517.1,23760600,-4.49,-0.86083,518.8825
MSFT,2025-08-19,515.0,515.16,508.55,509.77,21481016,-5.23,-1.02,512.12
MSFT,2025-08-20,509.87,511.0,504.44,505.72,27723025,-4.14,-0.81393,507.7575
MSFT,2025-08-21,503.69,507.63,502.72,504.24,18443300,0.55,0.10919,504.57
MSFT,2025-08-22,504.25,510.73,502.41,507.23,24324200,2.98,0.59098,506.155
MSFT,2025-08-25,506.63,508.19,504.12,504.26,21638600,-2.37,-0.4678,505.8
MSFT,2025-08-26,504.36,504.98,498.51,502.04,30835709,-2.31,-0.45999,502.4725
MSFT,2025-08-27,502.0,507.29,499.9,506.74,17277900,4.74,0.94422,503.9825
MSFT,2025-08-28,507.09,511.09,505.5,509.64,18015600,2.55,0.50287,508.33
MSFT,2025-08-29,508.66,509.6,504.49,506.69,20961600,-1.97,-0.38729,507.36
MSFT,2025-09-02,500.47,506.0,496.81,505.12,18128000,4.66,0.92913,502.1
MSFT,2025-09-03,503.79,507.79,502.32,505.35,16345100,1.56,0.30965,504.8125
MSFT,2025-09-04,504.3,508.15,503.15,507.97,15509500,3.67,0.72774,505.8925
MSFT,2025-09-05,509.07,511.97,492.37,495.0,31994846,-14.07,-2.76,502.1025
MSFT,2025-09-08,498.11,501.2,495.03,498.2,16771015,0.095,0.0180683,498.135
MSFT,2025-09-09,501.43,502.25,497.7,498.41,14410542,-3.02,-0.60228,499.9475
MSFT,2025-09-10,502.98,503.23,496.72,500.37,21611816,-2.61,-0.51891,500.825
MSFT,2025-09-11,502.25,503.17,497.88,501.01,18881608,-1.24,-0.24689,501.08
MSFT,2025-09-12,506.65,512.55,503.85,509.9,23624900,3.25,0.64147,508.24
MSFT,2025-09-15,508.79,515.47,507.0,515.36,17143800,6.57,1.29,511.65
MSFT,2025-09-16,516.88,517.23,508.6,509.04,19711922,-7.84,-1.52,512.94
MSFT,2025-09-17,510.62,511.29,505.93,510.02,15816600,-0.6,-0.1175,509.46
MSFT,2025-09-18,511.49,513.07,507.66,508.45,18913700,-3.04,-0.59434,510.17
MSFT,2025-09-19,510.56,519.3,510.32,517.93,51943062,7.37,1.44,514.53
